ts,phase,mode,cycle_time_ms,cycle_num,ch,packets,pps,avg_pps,dwell_ms,z_score
1776656117.9741812,P1_rr_10000ms,rr,10000,41,1,51,64.07035064697266,,769,
1776656117.9741812,P1_rr_10000ms,rr,10000,41,2,4,5.025125503540039,,769,
1776656117.9741812,P1_rr_10000ms,rr,10000,41,3,0,0.0,,769,
1776656117.9741812,P1_rr_10000ms,rr,10000,41,4,2,2.5125627517700195,,769,
1776656117.9741812,P1_rr_10000ms,rr,10000,41,5,4,5.025125503540039,,769,
1776656117.9741812,P1_rr_10000ms,rr,10000,41,6,216,271.3567810058594,,769,
1776656117.9741812,P1_rr_10000ms,rr,10000,41,7,3,3.7688441276550293,,769,
1776656117.9741812,P1_rr_10000ms,rr,10000,41,8,8,10.050251007080078,,769,
1776656117.9741812,P1_rr_10000ms,rr,10000,41,9,2,2.5125627517700195,,769,
1776656117.9741812,P1_rr_10000ms,rr,10000,41,10,9,11.306532859802246,,769,
1776656117.9741812,P1_rr_10000ms,rr,10000,41,11,47,59.04522705078125,,769,
1776656117.9741812,P1_rr_10000ms,rr,10000,41,12,1,1.2562813758850098,,769,
1776656117.9741812,P1_rr_10000ms,rr,10000,41,13,0,0.0,,769,
1776656128.3671927,P1_rr_10000ms,rr,10000,42,1,87,109.29647827148438,,769,
1776656128.3671927,P1_rr_10000ms,rr,10000,42,2,4,5.025125503540039,,769,
1776656128.3671927,P1_rr_10000ms,rr,10000,42,3,1,1.2562813758850098,,769,
1776656128.3671927,P1_rr_10000ms,rr,10000,42,4,2,2.5125627517700195,,769,
1776656128.3671927,P1_rr_10000ms,rr,10000,42,5,6,7.537688255310059,,769,
1776656128.3671927,P1_rr_10000ms,rr,10000,42,6,283,355.52764892578125,,769,
1776656128.3671927,P1_rr_10000ms,rr,10000,42,7,2,2.5125627517700195,,769,
1776656128.3671927,P1_rr_10000ms,rr,10000,42,8,4,5.025125503540039,,769,
1776656128.3671927,P1_rr_10000ms,rr,10000,42,9,3,3.7688441276550293,,769,
1776656128.3671927,P1_rr_10000ms,rr,10000,42,10,0,0.0,,769,
1776656128.3671927,P1_rr_10000ms,rr,10000,42,11,67,84.17085266113281,,769,
1776656128.3671927,P1_rr_10000ms,rr,10000,42,12,3,3.7688441276550293,,769,
1776656128.3671927,P1_rr_10000ms,rr,10000,42,13,0,0.0,,769,
1776656138.765714,P1_rr_10000ms,rr,10000,43,1,75,94.22110748291016,,769,
1776656138.765714,P1_rr_10000ms,rr,10000,43,2,5,6.281406879425049,,769,
1776656138.765714,P1_rr_10000ms,rr,10000,43,3,2,2.5125627517700195,,769,
1776656138.765714,P1_rr_10000ms,rr,10000,43,4,0,0.0,,769,
1776656138.765714,P1_rr_10000ms,rr,10000,43,5,3,3.7688441276550293,,769,
1776656138.765714,P1_rr_10000ms,rr,10000,43,6,235,295.22613525390625,,769,
1776656138.765714,P1_rr_10000ms,rr,10000,43,7,4,5.025125503540039,,769,
1776656138.765714,P1_rr_10000ms,rr,10000,43,8,5,6.281406879425049,,769,
1776656138.765714,P1_rr_10000ms,rr,10000,43,9,3,3.7688441276550293,,769,
1776656138.765714,P1_rr_10000ms,rr,10000,43,10,5,6.281406879425049,,769,
1776656138.765714,P1_rr_10000ms,rr,10000,43,11,40,50.25125503540039,,769,
1776656138.765714,P1_rr_10000ms,rr,10000,43,12,1,1.2562813758850098,,769,
1776656138.765714,P1_rr_10000ms,rr,10000,43,13,0,0.0,,769,
1776656149.099286,P1_rr_10000ms,rr,10000,44,1,68,85.42713165283203,,769,
1776656149.099286,P1_rr_10000ms,rr,10000,44,2,2,2.5125627517700195,,769,
1776656149.099286,P1_rr_10000ms,rr,10000,44,3,0,0.0,,769,
1776656149.099286,P1_rr_10000ms,rr,10000,44,4,4,5.025125503540039,,769,
1776656149.099286,P1_rr_10000ms,rr,10000,44,5,1,1.2562813758850098,,769,
1776656149.099286,P1_rr_10000ms,rr,10000,44,6,222,278.89447021484375,,769,
1776656149.099286,P1_rr_10000ms,rr,10000,44,7,64,80.40200805664062,,769,
1776656149.099286,P1_rr_10000ms,rr,10000,44,8,7,8.793970108032227,,769,
1776656149.099286,P1_rr_10000ms,rr,10000,44,9,0,0.0,,769,
1776656149.099286,P1_rr_10000ms,rr,10000,44,10,2,2.5125627517700195,,769,
1776656149.099286,P1_rr_10000ms,rr,10000,44,11,52,65.32662963867188,,769,
1776656149.099286,P1_rr_10000ms,rr,10000,44,12,4,5.025125503540039,,769,
1776656149.099286,P1_rr_10000ms,rr,10000,44,13,1,1.2562813758850098,,769,
1776656159.4937453,P1_rr_10000ms,rr,10000,45,1,85,106.78392028808594,,769,
1776656159.4937453,P1_rr_10000ms,rr,10000,45,2,1,1.2562813758850098,,769,
1776656159.4937453,P1_rr_10000ms,rr,10000,45,3,1,1.2562813758850098,,769,
1776656159.4937453,P1_rr_10000ms,rr,10000,45,4,5,6.281406879425049,,769,
1776656159.4937453,P1_rr_10000ms,rr,10000,45,5,8,10.050251007080078,,769,
1776656159.4937453,P1_rr_10000ms,rr,10000,45,6,237,297.7386779785156,,769,
1776656159.4937453,P1_rr_10000ms,rr,10000,45,7,3,3.7688441276550293,,769,
1776656159.4937453,P1_rr_10000ms,rr,10000,45,8,3,3.7688441276550293,,769,
1776656159.4937453,P1_rr_10000ms,rr,10000,45,9,10,12.562813758850098,,769,
1776656159.4937453,P1_rr_10000ms,rr,10000,45,10,5,6.281406879425049,,769,
1776656159.4937453,P1_rr_10000ms,rr,10000,45,11,70,87.939697265625,,769,
1776656159.4937453,P1_rr_10000ms,rr,10000,45,12,1,1.2562813758850098,,769,
1776656159.4937453,P1_rr_10000ms,rr,10000,45,13,0,0.0,,769,
1776656169.8222847,P1_rr_10000ms,rr,10000,46,1,61,76.63316345214844,,769,
1776656169.8222847,P1_rr_10000ms,rr,10000,46,2,0,0.0,,769,
1776656169.8222847,P1_rr_10000ms,rr,10000,46,3,1,1.2562813758850098,,769,
1776656169.8222847,P1_rr_10000ms,rr,10000,46,4,7,8.793970108032227,,769,
1776656169.8222847,P1_rr_10000ms,rr,10000,46,5,5,6.281406879425049,,769,
1776656169.8222847,P1_rr_10000ms,rr,10000,46,6,260,326.6331787109375,,769,
1776656169.8222847,P1_rr_10000ms,rr,10000,46,7,2,2.5125627517700195,,769,
1776656169.8222847,P1_rr_10000ms,rr,10000,46,8,14,17.587940216064453,,769,
1776656169.8222847,P1_rr_10000ms,rr,10000,46,9,4,5.025125503540039,,769,
1776656169.8222847,P1_rr_10000ms,rr,10000,46,10,0,0.0,,769,
1776656169.8222847,P1_rr_10000ms,rr,10000,46,11,46,57.788944244384766,,769,
1776656169.8222847,P1_rr_10000ms,rr,10000,46,12,1,1.2562813758850098,,769,
1776656169.8222847,P1_rr_10000ms,rr,10000,46,13,0,0.0,,769,
1776656180.1534154,P1_rr_10000ms,rr,10000,47,1,83,104.27135467529297,,769,
1776656180.1534154,P1_rr_10000ms,rr,10000,47,2,10,12.562813758850098,,769,
1776656180.1534154,P1_rr_10000ms,rr,10000,47,3,0,0.0,,769,
1776656180.1534154,P1_rr_10000ms,rr,10000,47,4,0,0.0,,769,
1776656180.1534154,P1_rr_10000ms,rr,10000,47,5,5,6.281406879425049,,769,
1776656180.1534154,P1_rr_10000ms,rr,10000,47,6,259,325.37689208984375,,769,
1776656180.1534154,P1_rr_10000ms,rr,10000,47,7,17,21.356782913208008,,769,
1776656180.1534154,P1_rr_10000ms,rr,10000,47,8,11,13.819095611572266,,769,
1776656180.1534154,P1_rr_10000ms,rr,10000,47,9,4,5.025125503540039,,769,
1776656180.1534154,P1_rr_10000ms,rr,10000,47,10,1,1.2562813758850098,,769,
1776656180.1534154,P1_rr_10000ms,rr,10000,47,11,111,139.44723510742188,,769,
1776656180.1534154,P1_rr_10000ms,rr,10000,47,12,2,2.5125627517700195,,769,
1776656180.1534154,P1_rr_10000ms,rr,10000,47,13,0,0.0,,769,
1776656190.5140204,P1_rr_10000ms,rr,10000,48,1,81,101.75879669189453,,769,
1776656190.5140204,P1_rr_10000ms,rr,10000,48,2,2,2.5125627517700195,,769,
1776656190.5140204,P1_rr_10000ms,rr,10000,48,3,2,2.5125627517700195,,769,
1776656190.5140204,P1_rr_10000ms,rr,10000,48,4,0,0.0,,769,
1776656190.5140204,P1_rr_10000ms,rr,10000,48,5,1,1.2562813758850098,,769,
1776656190.5140204,P1_rr_10000ms,rr,10000,48,6,218,273.8693542480469,,769,
1776656190.5140204,P1_rr_10000ms,rr,10000,48,7,6,7.537688255310059,,769,
1776656190.5140204,P1_rr_10000ms,rr,10000,48,8,3,3.7688441276550293,,769,
1776656190.5140204,P1_rr_10000ms,rr,10000,48,9,14,17.587940216064453,,769,
1776656190.5140204,P1_rr_10000ms,rr,10000,48,10,5,6.281406879425049,,769,
1776656190.5140204,P1_rr_10000ms,rr,10000,48,11,48,60.30150604248047,,769,
1776656190.5140204,P1_rr_10000ms,rr,10000,48,12,1,1.2562813758850098,,769,
1776656190.5140204,P1_rr_10000ms,rr,10000,48,13,0,0.0,,769,
1776656200.9536755,P1_rr_10000ms,rr,10000,49,1,83,104.27135467529297,,769,
1776656200.9536755,P1_rr_10000ms,rr,10000,49,2,8,10.050251007080078,,769,
1776656200.9536755,P1_rr_10000ms,rr,10000,49,3,4,5.025125503540039,,769,
1776656200.9536755,P1_rr_10000ms,rr,10000,49,4,6,7.537688255310059,,769,
1776656200.9536755,P1_rr_10000ms,rr,10000,49,5,9,11.306532859802246,,769,
1776656200.9536755,P1_rr_10000ms,rr,10000,49,6,239,300.2512512207031,,769,
1776656200.9536755,P1_rr_10000ms,rr,10000,49,7,3,3.7688441276550293,,769,
1776656200.9536755,P1_rr_10000ms,rr,10000,49,8,4,5.025125503540039,,769,
1776656200.9536755,P1_rr_10000ms,rr,10000,49,9,13,16.33165740966797,,769,
1776656200.9536755,P1_rr_10000ms,rr,10000,49,10,9,11.306532859802246,,769,
1776656200.9536755,P1_rr_10000ms,rr,10000,49,11,63,79.1457290649414,,769,
1776656200.9536755,P1_rr_10000ms,rr,10000,49,12,56,70.35176086425781,,769,
1776656200.9536755,P1_rr_10000ms,rr,10000,49,13,2,2.5125627517700195,,769,
1776656211.305962,P1_rr_10000ms,rr,10000,50,1,56,70.35176086425781,,769,
1776656211.305962,P1_rr_10000ms,rr,10000,50,2,7,8.793970108032227,,769,
1776656211.305962,P1_rr_10000ms,rr,10000,50,3,3,3.7688441276550293,,769,
1776656211.305962,P1_rr_10000ms,rr,10000,50,4,3,3.7688441276550293,,769,
1776656211.305962,P1_rr_10000ms,rr,10000,50,5,3,3.7688441276550293,,769,
1776656211.305962,P1_rr_10000ms,rr,10000,50,6,283,355.52764892578125,,769,
1776656211.305962,P1_rr_10000ms,rr,10000,50,7,1,1.2562813758850098,,769,
1776656211.305962,P1_rr_10000ms,rr,10000,50,8,0,0.0,,769,
1776656211.305962,P1_rr_10000ms,rr,10000,50,9,1,1.2562813758850098,,769,
1776656211.305962,P1_rr_10000ms,rr,10000,50,10,1,1.2562813758850098,,769,
1776656211.305962,P1_rr_10000ms,rr,10000,50,11,53,66.58291625976562,,769,
1776656211.305962,P1_rr_10000ms,rr,10000,50,12,0,0.0,,769,
1776656211.305962,P1_rr_10000ms,rr,10000,50,13,0,0.0,,769,
1776656221.658233,P1_rr_10000ms,rr,10000,51,1,146,183.41708374023438,,769,
1776656221.658233,P1_rr_10000ms,rr,10000,51,2,5,6.281406879425049,,769,
1776656221.658233,P1_rr_10000ms,rr,10000,51,3,0,0.0,,769,
1776656221.658233,P1_rr_10000ms,rr,10000,51,4,0,0.0,,769,
1776656221.658233,P1_rr_10000ms,rr,10000,51,5,2,2.5125627517700195,,769,
1776656221.658233,P1_rr_10000ms,rr,10000,51,6,182,228.64321899414062,,769,
1776656221.658233,P1_rr_10000ms,rr,10000,51,7,17,21.356782913208008,,769,
1776656221.658233,P1_rr_10000ms,rr,10000,51,8,4,5.025125503540039,,769,
1776656221.658233,P1_rr_10000ms,rr,10000,51,9,2,2.5125627517700195,,769,
1776656221.658233,P1_rr_10000ms,rr,10000,51,10,5,6.281406879425049,,769,
1776656221.658233,P1_rr_10000ms,rr,10000,51,11,44,55.27638244628906,,769,
1776656221.658233,P1_rr_10000ms,rr,10000,51,12,1,1.2562813758850098,,769,
1776656221.658233,P1_rr_10000ms,rr,10000,51,13,0,0.0,,769,
1776656232.032295,P1_rr_10000ms,rr,10000,52,1,130,163.31658935546875,,769,
1776656232.032295,P1_rr_10000ms,rr,10000,52,2,12,15.075376510620117,,769,
1776656232.032295,P1_rr_10000ms,rr,10000,52,3,2,2.5125627517700195,,769,
1776656232.032295,P1_rr_10000ms,rr,10000,52,4,5,6.281406879425049,,769,
1776656232.032295,P1_rr_10000ms,rr,10000,52,5,1,1.2562813758850098,,769,
1776656232.032295,P1_rr_10000ms,rr,10000,52,6,267,335.4271240234375,,769,
1776656232.032295,P1_rr_10000ms,rr,10000,52,7,5,6.281406879425049,,769,
1776656232.032295,P1_rr_10000ms,rr,10000,52,8,1,1.2562813758850098,,769,
1776656232.032295,P1_rr_10000ms,rr,10000,52,9,6,7.537688255310059,,769,
1776656232.032295,P1_rr_10000ms,rr,10000,52,10,4,5.025125503540039,,769,
1776656232.032295,P1_rr_10000ms,rr,10000,52,11,39,48.99497604370117,,769,
1776656232.032295,P1_rr_10000ms,rr,10000,52,12,0,0.0,,769,
1776656232.032295,P1_rr_10000ms,rr,10000,52,13,1,1.2562813758850098,,769,
1776656242.381154,P1_rr_10000ms,rr,10000,53,1,53,66.58291625976562,,769,
1776656242.381154,P1_rr_10000ms,rr,10000,53,2,4,5.025125503540039,,769,
1776656242.381154,P1_rr_10000ms,rr,10000,53,3,3,3.7688441276550293,,769,
1776656242.381154,P1_rr_10000ms,rr,10000,53,4,4,5.025125503540039,,769,
1776656242.381154,P1_rr_10000ms,rr,10000,53,5,1,1.2562813758850098,,769,
1776656242.381154,P1_rr_10000ms,rr,10000,53,6,257,322.86431884765625,,769,
1776656242.381154,P1_rr_10000ms,rr,10000,53,7,9,11.306532859802246,,769,
1776656242.381154,P1_rr_10000ms,rr,10000,53,8,4,5.025125503540039,,769,
1776656242.381154,P1_rr_10000ms,rr,10000,53,9,2,2.5125627517700195,,769,
1776656242.381154,P1_rr_10000ms,rr,10000,53,10,0,0.0,,769,
1776656242.381154,P1_rr_10000ms,rr,10000,53,11,37,46.4824104309082,,769,
1776656242.381154,P1_rr_10000ms,rr,10000,53,12,0,0.0,,769,
1776656242.381154,P1_rr_10000ms,rr,10000,53,13,0,0.0,,769,
1776656252.678847,P1_rr_10000ms,rr,10000,54,1,81,101.75879669189453,,769,
1776656252.678847,P1_rr_10000ms,rr,10000,54,2,9,11.306532859802246,,769,
1776656252.678847,P1_rr_10000ms,rr,10000,54,3,2,2.5125627517700195,,769,
1776656252.678847,P1_rr_10000ms,rr,10000,54,4,0,0.0,,769,
1776656252.678847,P1_rr_10000ms,rr,10000,54,5,0,0.0,,769,
1776656252.678847,P1_rr_10000ms,rr,10000,54,6,352,442.2110595703125,,769,
1776656252.678847,P1_rr_10000ms,rr,10000,54,7,3,3.7688441276550293,,769,
1776656252.678847,P1_rr_10000ms,rr,10000,54,8,4,5.025125503540039,,769,
1776656252.678847,P1_rr_10000ms,rr,10000,54,9,0,0.0,,769,
1776656252.678847,P1_rr_10000ms,rr,10000,54,10,6,7.537688255310059,,769,
1776656252.678847,P1_rr_10000ms,rr,10000,54,11,28,35.175880432128906,,769,
1776656252.678847,P1_rr_10000ms,rr,10000,54,12,0,0.0,,769,
1776656252.678847,P1_rr_10000ms,rr,10000,54,13,0,0.0,,769,
1776656263.1285052,P1_rr_10000ms,rr,10000,55,1,16,20.100502014160156,,769,
1776656263.1285052,P1_rr_10000ms,rr,10000,55,2,1,1.2562813758850098,,769,
1776656263.1285052,P1_rr_10000ms,rr,10000,55,3,6,7.537688255310059,,769,
1776656263.1285052,P1_rr_10000ms,rr,10000,55,4,3,3.7688441276550293,,769,
1776656263.1285052,P1_rr_10000ms,rr,10000,55,5,6,7.537688255310059,,769,
1776656263.1285052,P1_rr_10000ms,rr,10000,55,6,280,351.7587890625,,769,
1776656263.1285052,P1_rr_10000ms,rr,10000,55,7,10,12.562813758850098,,769,
1776656263.1285052,P1_rr_10000ms,rr,10000,55,8,4,5.025125503540039,,769,
1776656263.1285052,P1_rr_10000ms,rr,10000,55,9,2,2.5125627517700195,,769,
1776656263.1285052,P1_rr_10000ms,rr,10000,55,10,2,2.5125627517700195,,769,
1776656263.1285052,P1_rr_10000ms,rr,10000,55,11,33,41.4572868347168,,769,
1776656263.1285052,P1_rr_10000ms,rr,10000,55,12,3,3.7688441276550293,,769,
1776656263.1285052,P1_rr_10000ms,rr,10000,55,13,0,0.0,,769,
1776656273.4712627,P1_rr_10000ms,rr,10000,56,1,45,56.53266143798828,,769,
1776656273.4712627,P1_rr_10000ms,rr,10000,56,2,1,1.2562813758850098,,769,
1776656273.4712627,P1_rr_10000ms,rr,10000,56,3,5,6.281406879425049,,769,
1776656273.4712627,P1_rr_10000ms,rr,10000,56,4,0,0.0,,769,
1776656273.4712627,P1_rr_10000ms,rr,10000,56,5,0,0.0,,769,
1776656273.4712627,P1_rr_10000ms,rr,10000,56,6,229,287.6884460449219,,769,
1776656273.4712627,P1_rr_10000ms,rr,10000,56,7,4,5.025125503540039,,769,
1776656273.4712627,P1_rr_10000ms,rr,10000,56,8,2,2.5125627517700195,,769,
1776656273.4712627,P1_rr_10000ms,rr,10000,56,9,9,11.306532859802246,,769,
1776656273.4712627,P1_rr_10000ms,rr,10000,56,10,9,11.306532859802246,,769,
1776656273.4712627,P1_rr_10000ms,rr,10000,56,11,56,70.35176086425781,,769,
1776656273.4712627,P1_rr_10000ms,rr,10000,56,12,1,1.2562813758850098,,769,
1776656273.4712627,P1_rr_10000ms,rr,10000,56,13,0,0.0,,769,
1776656283.8086827,P1_rr_10000ms,rr,10000,57,1,51,64.07035064697266,,769,
1776656283.8086827,P1_rr_10000ms,rr,10000,57,2,6,7.537688255310059,,769,
1776656283.8086827,P1_rr_10000ms,rr,10000,57,3,9,11.306532859802246,,769,
1776656283.8086827,P1_rr_10000ms,rr,10000,57,4,3,3.7688441276550293,,769,
1776656283.8086827,P1_rr_10000ms,rr,10000,57,5,6,7.537688255310059,,769,
1776656283.8086827,P1_rr_10000ms,rr,10000,57,6,232,291.457275390625,,769,
1776656283.8086827,P1_rr_10000ms,rr,10000,57,7,8,10.050251007080078,,769,
1776656283.8086827,P1_rr_10000ms,rr,10000,57,8,2,2.5125627517700195,,769,
1776656283.8086827,P1_rr_10000ms,rr,10000,57,9,7,8.793970108032227,,769,
1776656283.8086827,P1_rr_10000ms,rr,10000,57,10,7,8.793970108032227,,769,
1776656283.8086827,P1_rr_10000ms,rr,10000,57,11,34,42.713565826416016,,769,
1776656283.8086827,P1_rr_10000ms,rr,10000,57,12,3,3.7688441276550293,,769,
1776656283.8086827,P1_rr_10000ms,rr,10000,57,13,0,0.0,,769,
1776656294.1399612,P1_rr_10000ms,rr,10000,58,1,34,42.713565826416016,,769,
1776656294.1399612,P1_rr_10000ms,rr,10000,58,2,1,1.2562813758850098,,769,
1776656294.1399612,P1_rr_10000ms,rr,10000,58,3,0,0.0,,769,
1776656294.1399612,P1_rr_10000ms,rr,10000,58,4,6,7.537688255310059,,769,
1776656294.1399612,P1_rr_10000ms,rr,10000,58,5,9,11.306532859802246,,769,
1776656294.1399612,P1_rr_10000ms,rr,10000,58,6,274,344.2210998535156,,769,
1776656294.1399612,P1_rr_10000ms,rr,10000,58,7,9,11.306532859802246,,769,
1776656294.1399612,P1_rr_10000ms,rr,10000,58,8,0,0.0,,769,
1776656294.1399612,P1_rr_10000ms,rr,10000,58,9,6,7.537688255310059,,769,
1776656294.1399612,P1_rr_10000ms,rr,10000,58,10,10,12.562813758850098,,769,
1776656294.1399612,P1_rr_10000ms,rr,10000,58,11,31,38.944725036621094,,769,
1776656294.1399612,P1_rr_10000ms,rr,10000,58,12,1,1.2562813758850098,,769,
1776656294.1399612,P1_rr_10000ms,rr,10000,58,13,1,1.2562813758850098,,769,
1776656304.5235445,P1_rr_10000ms,rr,10000,59,1,24,30.150753021240234,,769,
1776656304.5235445,P1_rr_10000ms,rr,10000,59,2,8,10.050251007080078,,769,
1776656304.5235445,P1_rr_10000ms,rr,10000,59,3,2,2.5125627517700195,,769,
1776656304.5235445,P1_rr_10000ms,rr,10000,59,4,2,2.5125627517700195,,769,
1776656304.5235445,P1_rr_10000ms,rr,10000,59,5,3,3.7688441276550293,,769,
1776656304.5235445,P1_rr_10000ms,rr,10000,59,6,242,304.0201110839844,,769,
1776656304.5235445,P1_rr_10000ms,rr,10000,59,7,6,7.537688255310059,,769,
1776656304.5235445,P1_rr_10000ms,rr,10000,59,8,2,2.5125627517700195,,769,
1776656304.5235445,P1_rr_10000ms,rr,10000,59,9,25,31.40703582763672,,769,
1776656304.5235445,P1_rr_10000ms,rr,10000,59,10,12,15.075376510620117,,769,
1776656304.5235445,P1_rr_10000ms,rr,10000,59,11,48,60.30150604248047,,769,
1776656304.5235445,P1_rr_10000ms,rr,10000,59,12,1,1.2562813758850098,,769,
1776656304.5235445,P1_rr_10000ms,rr,10000,59,13,2,2.5125627517700195,,769,
1776656314.8906436,P1_rr_10000ms,rr,10000,60,1,27,33.91959762573242,,769,
1776656314.8906436,P1_rr_10000ms,rr,10000,60,2,13,16.33165740966797,,769,
1776656314.8906436,P1_rr_10000ms,rr,10000,60,3,3,3.7688441276550293,,769,
1776656314.8906436,P1_rr_10000ms,rr,10000,60,4,9,11.306532859802246,,769,
1776656314.8906436,P1_rr_10000ms,rr,10000,60,5,2,2.5125627517700195,,769,
1776656314.8906436,P1_rr_10000ms,rr,10000,60,6,258,324.12060546875,,769,
1776656314.8906436,P1_rr_10000ms,rr,10000,60,7,8,10.050251007080078,,769,
1776656314.8906436,P1_rr_10000ms,rr,10000,60,8,3,3.7688441276550293,,769,
1776656314.8906436,P1_rr_10000ms,rr,10000,60,9,2,2.5125627517700195,,769,
1776656314.8906436,P1_rr_10000ms,rr,10000,60,10,4,5.025125503540039,,769,
1776656314.8906436,P1_rr_10000ms,rr,10000,60,11,38,47.73869323730469,,769,
1776656314.8906436,P1_rr_10000ms,rr,10000,60,12,5,6.281406879425049,,769,
1776656314.8906436,P1_rr_10000ms,rr,10000,60,13,0,0.0,,769,
1776656325.2536883,P1_rr_10000ms,rr,10000,61,1,45,56.53266143798828,,769,
1776656325.2536883,P1_rr_10000ms,rr,10000,61,2,10,12.562813758850098,,769,
1776656325.2536883,P1_rr_10000ms,rr,10000,61,3,0,0.0,,769,
1776656325.2536883,P1_rr_10000ms,rr,10000,61,4,5,6.281406879425049,,769,
1776656325.2536883,P1_rr_10000ms,rr,10000,61,5,2,2.5125627517700195,,769,
1776656325.2536883,P1_rr_10000ms,rr,10000,61,6,217,272.6130676269531,,769,
1776656325.2536883,P1_rr_10000ms,rr,10000,61,7,4,5.025125503540039,,769,
1776656325.2536883,P1_rr_10000ms,rr,10000,61,8,6,7.537688255310059,,769,
1776656325.2536883,P1_rr_10000ms,rr,10000,61,9,6,7.537688255310059,,769,
1776656325.2536883,P1_rr_10000ms,rr,10000,61,10,8,10.050251007080078,,769,
1776656325.2536883,P1_rr_10000ms,rr,10000,61,11,26,32.66331481933594,,769,
1776656325.2536883,P1_rr_10000ms,rr,10000,61,12,0,0.0,,769,
1776656325.2536883,P1_rr_10000ms,rr,10000,61,13,0,0.0,,769,
1776656335.6207237,P1_rr_10000ms,rr,10000,62,1,27,33.91959762573242,,769,
1776656335.6207237,P1_rr_10000ms,rr,10000,62,2,1,1.2562813758850098,,769,
1776656335.6207237,P1_rr_10000ms,rr,10000,62,3,7,8.793970108032227,,769,
1776656335.6207237,P1_rr_10000ms,rr,10000,62,4,0,0.0,,769,
1776656335.6207237,P1_rr_10000ms,rr,10000,62,5,2,2.5125627517700195,,769,
1776656335.6207237,P1_rr_10000ms,rr,10000,62,6,247,310.301513671875,,769,
1776656335.6207237,P1_rr_10000ms,rr,10000,62,7,5,6.281406879425049,,769,
1776656335.6207237,P1_rr_10000ms,rr,10000,62,8,8,10.050251007080078,,769,
1776656335.6207237,P1_rr_10000ms,rr,10000,62,9,8,10.050251007080078,,769,
1776656335.6207237,P1_rr_10000ms,rr,10000,62,10,5,6.281406879425049,,769,
1776656335.6207237,P1_rr_10000ms,rr,10000,62,11,80,100.50251007080078,,769,
1776656335.6207237,P1_rr_10000ms,rr,10000,62,12,3,3.7688441276550293,,769,
1776656335.6207237,P1_rr_10000ms,rr,10000,62,13,0,0.0,,769,
1776656345.980329,P1_rr_10000ms,rr,10000,63,1,38,47.73869323730469,,769,
1776656345.980329,P1_rr_10000ms,rr,10000,63,2,3,3.7688441276550293,,769,
1776656345.980329,P1_rr_10000ms,rr,10000,63,3,6,7.537688255310059,,769,
1776656345.980329,P1_rr_10000ms,rr,10000,63,4,2,2.5125627517700195,,769,
1776656345.980329,P1_rr_10000ms,rr,10000,63,5,2,2.5125627517700195,,769,
1776656345.980329,P1_rr_10000ms,rr,10000,63,6,252,316.5829162597656,,769,
1776656345.980329,P1_rr_10000ms,rr,10000,63,7,9,11.306532859802246,,769,
1776656345.980329,P1_rr_10000ms,rr,10000,63,8,2,2.5125627517700195,,769,
1776656345.980329,P1_rr_10000ms,rr,10000,63,9,8,10.050251007080078,,769,
1776656345.980329,P1_rr_10000ms,rr,10000,63,10,1,1.2562813758850098,,769,
1776656345.980329,P1_rr_10000ms,rr,10000,63,11,38,47.73869323730469,,769,
1776656345.980329,P1_rr_10000ms,rr,10000,63,12,3,3.7688441276550293,,769,
1776656345.980329,P1_rr_10000ms,rr,10000,63,13,0,0.0,,769,
1776656356.3635876,P1_rr_10000ms,rr,10000,64,1,64,80.40200805664062,,769,
1776656356.3635876,P1_rr_10000ms,rr,10000,64,2,1,1.2562813758850098,,769,
1776656356.3635876,P1_rr_10000ms,rr,10000,64,3,1,1.2562813758850098,,769,
1776656356.3635876,P1_rr_10000ms,rr,10000,64,4,4,5.025125503540039,,769,
1776656356.3635876,P1_rr_10000ms,rr,10000,64,5,4,5.025125503540039,,769,
1776656356.3635876,P1_rr_10000ms,rr,10000,64,6,207,260.0502624511719,,769,
1776656356.3635876,P1_rr_10000ms,rr,10000,64,7,7,8.793970108032227,,769,
1776656356.3635876,P1_rr_10000ms,rr,10000,64,8,10,12.562813758850098,,769,
1776656356.3635876,P1_rr_10000ms,rr,10000,64,9,5,6.281406879425049,,769,
1776656356.3635876,P1_rr_10000ms,rr,10000,64,10,9,11.306532859802246,,769,
1776656356.3635876,P1_rr_10000ms,rr,10000,64,11,20,25.125627517700195,,769,
1776656356.3635876,P1_rr_10000ms,rr,10000,64,12,1,1.2562813758850098,,769,
1776656356.3635876,P1_rr_10000ms,rr,10000,64,13,1,1.2562813758850098,,769,
1776656366.727235,P1_rr_10000ms,rr,10000,65,1,51,64.07035064697266,,769,
1776656366.727235,P1_rr_10000ms,rr,10000,65,2,2,2.5125627517700195,,769,
1776656366.727235,P1_rr_10000ms,rr,10000,65,3,0,0.0,,769,
1776656366.727235,P1_rr_10000ms,rr,10000,65,4,2,2.5125627517700195,,769,
1776656366.727235,P1_rr_10000ms,rr,10000,65,5,3,3.7688441276550293,,769,
1776656366.727235,P1_rr_10000ms,rr,10000,65,6,229,287.6884460449219,,769,
1776656366.727235,P1_rr_10000ms,rr,10000,65,7,2,2.5125627517700195,,769,
1776656366.727235,P1_rr_10000ms,rr,10000,65,8,12,15.075376510620117,,769,
1776656366.727235,P1_rr_10000ms,rr,10000,65,9,2,2.5125627517700195,,769,
1776656366.727235,P1_rr_10000ms,rr,10000,65,10,1,1.2562813758850098,,769,
1776656366.727235,P1_rr_10000ms,rr,10000,65,11,36,45.226131439208984,,769,
1776656366.727235,P1_rr_10000ms,rr,10000,65,12,0,0.0,,769,
1776656366.727235,P1_rr_10000ms,rr,10000,65,13,0,0.0,,769,
1776656408.1540802,P2_ad_3000ms,rr,3000,69,1,38,47.73869323730469,,230,
1776656408.1540802,P2_ad_3000ms,rr,3000,69,2,5,6.281406879425049,,230,
1776656408.1540802,P2_ad_3000ms,rr,3000,69,3,5,6.281406879425049,,230,
1776656408.1540802,P2_ad_3000ms,rr,3000,69,4,2,2.5125627517700195,,230,
1776656408.1540802,P2_ad_3000ms,rr,3000,69,5,16,20.100502014160156,,230,
1776656408.1540802,P2_ad_3000ms,rr,3000,69,6,263,330.4020080566406,,230,
1776656408.1540802,P2_ad_3000ms,rr,3000,69,7,3,3.7688441276550293,,230,
1776656408.1540802,P2_ad_3000ms,rr,3000,69,8,8,10.050251007080078,,230,
1776656408.1540802,P2_ad_3000ms,rr,3000,69,9,12,15.075376510620117,,230,
1776656408.1540802,P2_ad_3000ms,rr,3000,69,10,4,5.025125503540039,,230,
1776656408.1540802,P2_ad_3000ms,rr,3000,69,11,37,46.4824104309082,,230,
1776656408.1540802,P2_ad_3000ms,rr,3000,69,12,1,1.2562813758850098,,230,
1776656408.1540802,P2_ad_3000ms,rr,3000,69,13,0,0.0,,230,
1776656418.4480608,P2_ad_3000ms,rr,3000,70,1,48,60.30150604248047,,230,
1776656418.4480608,P2_ad_3000ms,rr,3000,70,2,9,11.306532859802246,,230,
1776656418.4480608,P2_ad_3000ms,rr,3000,70,3,0,0.0,,230,
1776656418.4480608,P2_ad_3000ms,rr,3000,70,4,0,0.0,,230,
1776656418.4480608,P2_ad_3000ms,rr,3000,70,5,11,13.819095611572266,,230,
1776656418.4480608,P2_ad_3000ms,rr,3000,70,6,235,295.22613525390625,,230,
1776656418.4480608,P2_ad_3000ms,rr,3000,70,7,10,12.562813758850098,,230,
1776656418.4480608,P2_ad_3000ms,rr,3000,70,8,5,6.281406879425049,,230,
1776656418.4480608,P2_ad_3000ms,rr,3000,70,9,6,7.537688255310059,,230,
1776656418.4480608,P2_ad_3000ms,rr,3000,70,10,2,2.5125627517700195,,230,
1776656418.4480608,P2_ad_3000ms,rr,3000,70,11,36,45.226131439208984,,230,
1776656418.4480608,P2_ad_3000ms,rr,3000,70,12,0,0.0,,230,
1776656418.4480608,P2_ad_3000ms,rr,3000,70,13,0,0.0,,230,
1776656428.8719873,P2_ad_3000ms,rr,3000,71,1,62,77.88945007324219,,230,
1776656428.8719873,P2_ad_3000ms,rr,3000,71,2,28,35.175880432128906,,230,
1776656428.8719873,P2_ad_3000ms,rr,3000,71,3,4,5.025125503540039,,230,
1776656428.8719873,P2_ad_3000ms,rr,3000,71,4,0,0.0,,230,
1776656428.8719873,P2_ad_3000ms,rr,3000,71,5,16,20.100502014160156,,230,
1776656428.8719873,P2_ad_3000ms,rr,3000,71,6,248,311.55780029296875,,230,
1776656428.8719873,P2_ad_3000ms,rr,3000,71,7,5,6.281406879425049,,230,
1776656428.8719873,P2_ad_3000ms,rr,3000,71,8,10,12.562813758850098,,230,
1776656428.8719873,P2_ad_3000ms,rr,3000,71,9,4,5.025125503540039,,230,
1776656428.8719873,P2_ad_3000ms,rr,3000,71,10,0,0.0,,230,
1776656428.8719873,P2_ad_3000ms,rr,3000,71,11,24,30.150753021240234,,230,
1776656428.8719873,P2_ad_3000ms,rr,3000,71,12,2,2.5125627517700195,,230,
1776656428.8719873,P2_ad_3000ms,rr,3000,71,13,0,0.0,,230,
1776656439.2634637,P2_ad_3000ms,rr,3000,72,1,50,62.81407165527344,,230,
1776656439.2634637,P2_ad_3000ms,rr,3000,72,2,4,5.025125503540039,,230,
1776656439.2634637,P2_ad_3000ms,rr,3000,72,3,2,2.5125627517700195,,230,
1776656439.2634637,P2_ad_3000ms,rr,3000,72,4,1,1.2562813758850098,,230,
1776656439.2634637,P2_ad_3000ms,rr,3000,72,5,3,3.7688441276550293,,230,
1776656439.2634637,P2_ad_3000ms,rr,3000,72,6,243,305.2763671875,,230,
1776656439.2634637,P2_ad_3000ms,rr,3000,72,7,2,2.5125627517700195,,230,
1776656439.2634637,P2_ad_3000ms,rr,3000,72,8,0,0.0,,230,
1776656439.2634637,P2_ad_3000ms,rr,3000,72,9,11,13.819095611572266,,230,
1776656439.2634637,P2_ad_3000ms,rr,3000,72,10,7,8.793970108032227,,230,
1776656439.2634637,P2_ad_3000ms,rr,3000,72,11,32,40.20100402832031,,230,
1776656439.2634637,P2_ad_3000ms,rr,3000,72,12,1,1.2562813758850098,,230,
1776656439.2634637,P2_ad_3000ms,rr,3000,72,13,0,0.0,,230,
1776656449.613728,P2_ad_3000ms,rr,3000,73,1,52,65.32662963867188,,230,
1776656449.613728,P2_ad_3000ms,rr,3000,73,2,4,5.025125503540039,,230,
1776656449.613728,P2_ad_3000ms,rr,3000,73,3,0,0.0,,230,
1776656449.613728,P2_ad_3000ms,rr,3000,73,4,1,1.2562813758850098,,230,
1776656449.613728,P2_ad_3000ms,rr,3000,73,5,1,1.2562813758850098,,230,
1776656449.613728,P2_ad_3000ms,rr,3000,73,6,269,337.939697265625,,230,
1776656449.613728,P2_ad_3000ms,rr,3000,73,7,2,2.5125627517700195,,230,
1776656449.613728,P2_ad_3000ms,rr,3000,73,8,0,0.0,,230,
1776656449.613728,P2_ad_3000ms,rr,3000,73,9,0,0.0,,230,
1776656449.613728,P2_ad_3000ms,rr,3000,73,10,15,18.844221115112305,,230,
1776656449.613728,P2_ad_3000ms,rr,3000,73,11,55,69.09547424316406,,230,
1776656449.613728,P2_ad_3000ms,rr,3000,73,12,1,1.2562813758850098,,230,
1776656449.613728,P2_ad_3000ms,rr,3000,73,13,0,0.0,,230,
1776656459.9821694,P2_ad_3000ms,rr,3000,74,1,46,57.788944244384766,,230,
1776656459.9821694,P2_ad_3000ms,rr,3000,74,2,1,1.2562813758850098,,230,
1776656459.9821694,P2_ad_3000ms,rr,3000,74,3,2,2.5125627517700195,,230,
1776656459.9821694,P2_ad_3000ms,rr,3000,74,4,3,3.7688441276550293,,230,
1776656459.9821694,P2_ad_3000ms,rr,3000,74,5,16,20.100502014160156,,230,
1776656459.9821694,P2_ad_3000ms,rr,3000,74,6,256,321.6080322265625,,230,
1776656459.9821694,P2_ad_3000ms,rr,3000,74,7,9,11.306532859802246,,230,
1776656459.9821694,P2_ad_3000ms,rr,3000,74,8,0,0.0,,230,
1776656459.9821694,P2_ad_3000ms,rr,3000,74,9,3,3.7688441276550293,,230,
1776656459.9821694,P2_ad_3000ms,rr,3000,74,10,10,12.562813758850098,,230,
1776656459.9821694,P2_ad_3000ms,rr,3000,74,11,33,41.4572868347168,,230,
1776656459.9821694,P2_ad_3000ms,rr,3000,74,12,1,1.2562813758850098,,230,
1776656459.9821694,P2_ad_3000ms,rr,3000,74,13,0,0.0,,230,
1776656470.3488736,P2_ad_3000ms,rr,3000,75,1,51,64.07035064697266,,230,
1776656470.3488736,P2_ad_3000ms,rr,3000,75,2,8,10.050251007080078,,230,
1776656470.3488736,P2_ad_3000ms,rr,3000,75,3,6,7.537688255310059,,230,
1776656470.3488736,P2_ad_3000ms,rr,3000,75,4,3,3.7688441276550293,,230,
1776656470.3488736,P2_ad_3000ms,rr,3000,75,5,4,5.025125503540039,,230,
1776656470.3488736,P2_ad_3000ms,rr,3000,75,6,300,376.8844299316406,,230,
1776656470.3488736,P2_ad_3000ms,rr,3000,75,7,9,11.306532859802246,,230,
1776656470.3488736,P2_ad_3000ms,rr,3000,75,8,2,2.5125627517700195,,230,
1776656470.3488736,P2_ad_3000ms,rr,3000,75,9,3,3.7688441276550293,,230,
1776656470.3488736,P2_ad_3000ms,rr,3000,75,10,1,1.2562813758850098,,230,
1776656470.3488736,P2_ad_3000ms,rr,3000,75,11,66,82.9145736694336,,230,
1776656470.3488736,P2_ad_3000ms,rr,3000,75,12,4,5.025125503540039,,230,
1776656470.3488736,P2_ad_3000ms,rr,3000,75,13,0,0.0,,230,
1776656480.6518047,P2_ad_3000ms,rr,3000,76,1,78,97.98995208740234,,230,
1776656480.6518047,P2_ad_3000ms,rr,3000,76,2,1,1.2562813758850098,,230,
1776656480.6518047,P2_ad_3000ms,rr,3000,76,3,1,1.2562813758850098,,230,
1776656480.6518047,P2_ad_3000ms,rr,3000,76,4,1,1.2562813758850098,,230,
1776656480.6518047,P2_ad_3000ms,rr,3000,76,5,7,8.793970108032227,,230,
1776656480.6518047,P2_ad_3000ms,rr,3000,76,6,344,432.1607971191406,,230,
1776656480.6518047,P2_ad_3000ms,rr,3000,76,7,10,12.562813758850098,,230,
1776656480.6518047,P2_ad_3000ms,rr,3000,76,8,17,21.356782913208008,,230,
1776656480.6518047,P2_ad_3000ms,rr,3000,76,9,8,10.050251007080078,,230,
1776656480.6518047,P2_ad_3000ms,rr,3000,76,10,1,1.2562813758850098,,230,
1776656480.6518047,P2_ad_3000ms,rr,3000,76,11,65,81.65829467773438,,230,
1776656480.6518047,P2_ad_3000ms,rr,3000,76,12,0,0.0,,230,
1776656480.6518047,P2_ad_3000ms,rr,3000,76,13,0,0.0,,230,
1776656491.0410137,P2_ad_3000ms,rr,3000,77,1,54,67.83919525146484,,230,
1776656491.0410137,P2_ad_3000ms,rr,3000,77,2,5,6.281406879425049,,230,
1776656491.0410137,P2_ad_3000ms,rr,3000,77,3,0,0.0,,230,
1776656491.0410137,P2_ad_3000ms,rr,3000,77,4,3,3.7688441276550293,,230,
1776656491.0410137,P2_ad_3000ms,rr,3000,77,5,0,0.0,,230,
1776656491.0410137,P2_ad_3000ms,rr,3000,77,6,197,247.48744201660156,,230,
1776656491.0410137,P2_ad_3000ms,rr,3000,77,7,5,6.281406879425049,,230,
1776656491.0410137,P2_ad_3000ms,rr,3000,77,8,7,8.793970108032227,,230,
1776656491.0410137,P2_ad_3000ms,rr,3000,77,9,3,3.7688441276550293,,230,
1776656491.0410137,P2_ad_3000ms,rr,3000,77,10,6,7.537688255310059,,230,
1776656491.0410137,P2_ad_3000ms,rr,3000,77,11,58,72.86431884765625,,230,
1776656491.0410137,P2_ad_3000ms,rr,3000,77,12,0,0.0,,230,
1776656491.0410137,P2_ad_3000ms,rr,3000,77,13,0,0.0,,230,
1776656501.369958,P2_ad_3000ms,rr,3000,78,1,57,71.60803985595703,,230,
1776656501.369958,P2_ad_3000ms,rr,3000,78,2,2,2.5125627517700195,,230,
1776656501.369958,P2_ad_3000ms,rr,3000,78,3,5,6.281406879425049,,230,
1776656501.369958,P2_ad_3000ms,rr,3000,78,4,4,5.025125503540039,,230,
1776656501.369958,P2_ad_3000ms,rr,3000,78,5,3,3.7688441276550293,,230,
1776656501.369958,P2_ad_3000ms,rr,3000,78,6,283,355.52764892578125,,230,
1776656501.369958,P2_ad_3000ms,rr,3000,78,7,7,8.793970108032227,,230,
1776656501.369958,P2_ad_3000ms,rr,3000,78,8,6,7.537688255310059,,230,
1776656501.369958,P2_ad_3000ms,rr,3000,78,9,1,1.2562813758850098,,230,
1776656501.369958,P2_ad_3000ms,rr,3000,78,10,12,15.075376510620117,,230,
1776656501.369958,P2_ad_3000ms,rr,3000,78,11,63,79.1457290649414,,230,
1776656501.369958,P2_ad_3000ms,rr,3000,78,12,1,1.2562813758850098,,230,
1776656501.369958,P2_ad_3000ms,rr,3000,78,13,0,0.0,,230,
1776656511.768542,P2_ad_3000ms,rr,3000,79,1,44,55.27638244628906,,230,
1776656511.768542,P2_ad_3000ms,rr,3000,79,2,2,2.5125627517700195,,230,
1776656511.768542,P2_ad_3000ms,rr,3000,79,3,0,0.0,,230,
1776656511.768542,P2_ad_3000ms,rr,3000,79,4,7,8.793970108032227,,230,
1776656511.768542,P2_ad_3000ms,rr,3000,79,5,2,2.5125627517700195,,230,
1776656511.768542,P2_ad_3000ms,rr,3000,79,6,334,419.5979919433594,,230,
1776656511.768542,P2_ad_3000ms,rr,3000,79,7,4,5.025125503540039,,230,
1776656511.768542,P2_ad_3000ms,rr,3000,79,8,7,8.793970108032227,,230,
1776656511.768542,P2_ad_3000ms,rr,3000,79,9,4,5.025125503540039,,230,
1776656511.768542,P2_ad_3000ms,rr,3000,79,10,4,5.025125503540039,,230,
1776656511.768542,P2_ad_3000ms,rr,3000,79,11,63,79.1457290649414,,230,
1776656511.768542,P2_ad_3000ms,rr,3000,79,12,1,1.2562813758850098,,230,
1776656511.768542,P2_ad_3000ms,rr,3000,79,13,0,0.0,,230,
1776656522.0939643,P2_ad_3000ms,rr,3000,80,1,38,47.73869323730469,,230,
1776656522.0939643,P2_ad_3000ms,rr,3000,80,2,4,5.025125503540039,,230,
1776656522.0939643,P2_ad_3000ms,rr,3000,80,3,0,0.0,,230,
1776656522.0939643,P2_ad_3000ms,rr,3000,80,4,8,10.050251007080078,,230,
1776656522.0939643,P2_ad_3000ms,rr,3000,80,5,11,13.819095611572266,,230,
1776656522.0939643,P2_ad_3000ms,rr,3000,80,6,247,310.301513671875,,230,
1776656522.0939643,P2_ad_3000ms,rr,3000,80,7,5,6.281406879425049,,230,
1776656522.0939643,P2_ad_3000ms,rr,3000,80,8,0,0.0,,230,
1776656522.0939643,P2_ad_3000ms,rr,3000,80,9,3,3.7688441276550293,,230,
1776656522.0939643,P2_ad_3000ms,rr,3000,80,10,9,11.306532859802246,,230,
1776656522.0939643,P2_ad_3000ms,rr,3000,80,11,81,101.75879669189453,,230,
1776656522.0939643,P2_ad_3000ms,rr,3000,80,12,2,2.5125627517700195,,230,
1776656522.0939643,P2_ad_3000ms,rr,3000,80,13,0,0.0,,230,
1776656532.479807,P2_ad_3000ms,rr,3000,81,1,63,79.1457290649414,,230,
1776656532.479807,P2_ad_3000ms,rr,3000,81,2,10,12.562813758850098,,230,
1776656532.479807,P2_ad_3000ms,rr,3000,81,3,1,1.2562813758850098,,230,
1776656532.479807,P2_ad_3000ms,rr,3000,81,4,6,7.537688255310059,,230,
1776656532.479807,P2_ad_3000ms,rr,3000,81,5,5,6.281406879425049,,230,
1776656532.479807,P2_ad_3000ms,rr,3000,81,6,269,337.939697265625,,230,
1776656532.479807,P2_ad_3000ms,rr,3000,81,7,21,26.38191032409668,,230,
1776656532.479807,P2_ad_3000ms,rr,3000,81,8,8,10.050251007080078,,230,
1776656532.479807,P2_ad_3000ms,rr,3000,81,9,1,1.2562813758850098,,230,
1776656532.479807,P2_ad_3000ms,rr,3000,81,10,1,1.2562813758850098,,230,
1776656532.479807,P2_ad_3000ms,rr,3000,81,11,145,182.16079711914062,,230,
1776656532.479807,P2_ad_3000ms,rr,3000,81,12,5,6.281406879425049,,230,
1776656532.479807,P2_ad_3000ms,rr,3000,81,13,0,0.0,,230,
1776656542.8015752,P2_ad_3000ms,rr,3000,82,1,50,62.81407165527344,,230,
1776656542.8015752,P2_ad_3000ms,rr,3000,82,2,1,1.2562813758850098,,230,
1776656542.8015752,P2_ad_3000ms,rr,3000,82,3,1,1.2562813758850098,,230,
1776656542.8015752,P2_ad_3000ms,rr,3000,82,4,8,10.050251007080078,,230,
1776656542.8015752,P2_ad_3000ms,rr,3000,82,5,1,1.2562813758850098,,230,
1776656542.8015752,P2_ad_3000ms,rr,3000,82,6,308,386.9346618652344,,230,
1776656542.8015752,P2_ad_3000ms,rr,3000,82,7,9,11.306532859802246,,230,
1776656542.8015752,P2_ad_3000ms,rr,3000,82,8,25,31.40703582763672,,230,
1776656542.8015752,P2_ad_3000ms,rr,3000,82,9,0,0.0,,230,
1776656542.8015752,P2_ad_3000ms,rr,3000,82,10,1,1.2562813758850098,,230,
1776656542.8015752,P2_ad_3000ms,rr,3000,82,11,102,128.1407012939453,,230,
1776656542.8015752,P2_ad_3000ms,rr,3000,82,12,1,1.2562813758850098,,230,
1776656542.8015752,P2_ad_3000ms,rr,3000,82,13,0,0.0,,230,
1776656553.151096,P2_ad_3000ms,rr,3000,83,1,69,86.68341827392578,,230,
1776656553.151096,P2_ad_3000ms,rr,3000,83,2,0,0.0,,230,
1776656553.151096,P2_ad_3000ms,rr,3000,83,3,4,5.025125503540039,,230,
1776656553.151096,P2_ad_3000ms,rr,3000,83,4,1,1.2562813758850098,,230,
1776656553.151096,P2_ad_3000ms,rr,3000,83,5,5,6.281406879425049,,230,
1776656553.151096,P2_ad_3000ms,rr,3000,83,6,251,315.3266296386719,,230,
1776656553.151096,P2_ad_3000ms,rr,3000,83,7,20,25.125627517700195,,230,
1776656553.151096,P2_ad_3000ms,rr,3000,83,8,4,5.025125503540039,,230,
1776656553.151096,P2_ad_3000ms,rr,3000,83,9,0,0.0,,230,
1776656553.151096,P2_ad_3000ms,rr,3000,83,10,0,0.0,,230,
1776656553.151096,P2_ad_3000ms,rr,3000,83,11,58,72.86431884765625,,230,
1776656553.151096,P2_ad_3000ms,rr,3000,83,12,3,3.7688441276550293,,230,
1776656553.151096,P2_ad_3000ms,rr,3000,83,13,1,1.2562813758850098,,230,
1776656563.551835,P2_ad_3000ms,rr,3000,84,1,49,61.55778884887695,,230,
1776656563.551835,P2_ad_3000ms,rr,3000,84,2,5,6.281406879425049,,230,
1776656563.551835,P2_ad_3000ms,rr,3000,84,3,0,0.0,,230,
1776656563.551835,P2_ad_3000ms,rr,3000,84,4,3,3.7688441276550293,,230,
1776656563.551835,P2_ad_3000ms,rr,3000,84,5,4,5.025125503540039,,230,
1776656563.551835,P2_ad_3000ms,rr,3000,84,6,253,317.8392028808594,,230,
1776656563.551835,P2_ad_3000ms,rr,3000,84,7,1,1.2562813758850098,,230,
1776656563.551835,P2_ad_3000ms,rr,3000,84,8,5,6.281406879425049,,230,
1776656563.551835,P2_ad_3000ms,rr,3000,84,9,1,1.2562813758850098,,230,
1776656563.551835,P2_ad_3000ms,rr,3000,84,10,2,2.5125627517700195,,230,
1776656563.551835,P2_ad_3000ms,rr,3000,84,11,104,130.65325927734375,,230,
1776656563.551835,P2_ad_3000ms,rr,3000,84,12,1,1.2562813758850098,,230,
1776656563.551835,P2_ad_3000ms,rr,3000,84,13,0,0.0,,230,
1776656573.9255977,P2_ad_3000ms,rr,3000,85,1,48,60.30150604248047,,230,
1776656573.9255977,P2_ad_3000ms,rr,3000,85,2,2,2.5125627517700195,,230,
1776656573.9255977,P2_ad_3000ms,rr,3000,85,3,2,2.5125627517700195,,230,
1776656573.9255977,P2_ad_3000ms,rr,3000,85,4,0,0.0,,230,
1776656573.9255977,P2_ad_3000ms,rr,3000,85,5,5,6.281406879425049,,230,
1776656573.9255977,P2_ad_3000ms,rr,3000,85,6,264,331.6582946777344,,230,
1776656573.9255977,P2_ad_3000ms,rr,3000,85,7,4,5.025125503540039,,230,
1776656573.9255977,P2_ad_3000ms,rr,3000,85,8,5,6.281406879425049,,230,
1776656573.9255977,P2_ad_3000ms,rr,3000,85,9,1,1.2562813758850098,,230,
1776656573.9255977,P2_ad_3000ms,rr,3000,85,10,9,11.306532859802246,,230,
1776656573.9255977,P2_ad_3000ms,rr,3000,85,11,71,89.19597625732422,,230,
1776656573.9255977,P2_ad_3000ms,rr,3000,85,12,3,3.7688441276550293,,230,
1776656573.9255977,P2_ad_3000ms,rr,3000,85,13,0,0.0,,230,
1776656584.225812,P2_ad_3000ms,rr,3000,86,1,47,59.04522705078125,,230,
1776656584.225812,P2_ad_3000ms,rr,3000,86,2,6,7.537688255310059,,230,
1776656584.225812,P2_ad_3000ms,rr,3000,86,3,3,3.7688441276550293,,230,
1776656584.225812,P2_ad_3000ms,rr,3000,86,4,1,1.2562813758850098,,230,
1776656584.225812,P2_ad_3000ms,rr,3000,86,5,2,2.5125627517700195,,230,
1776656584.225812,P2_ad_3000ms,rr,3000,86,6,279,350.50250244140625,,230,
1776656584.225812,P2_ad_3000ms,rr,3000,86,7,3,3.7688441276550293,,230,
1776656584.225812,P2_ad_3000ms,rr,3000,86,8,5,6.281406879425049,,230,
1776656584.225812,P2_ad_3000ms,rr,3000,86,9,2,2.5125627517700195,,230,
1776656584.225812,P2_ad_3000ms,rr,3000,86,10,4,5.025125503540039,,230,
1776656584.225812,P2_ad_3000ms,rr,3000,86,11,56,70.35176086425781,,230,
1776656584.225812,P2_ad_3000ms,rr,3000,86,12,0,0.0,,230,
1776656584.225812,P2_ad_3000ms,rr,3000,86,13,0,0.0,,230,
1776656594.6923602,P2_ad_3000ms,rr,3000,87,1,44,55.27638244628906,,230,
1776656594.6923602,P2_ad_3000ms,rr,3000,87,2,1,1.2562813758850098,,230,
1776656594.6923602,P2_ad_3000ms,rr,3000,87,3,0,0.0,,230,
1776656594.6923602,P2_ad_3000ms,rr,3000,87,4,3,3.7688441276550293,,230,
1776656594.6923602,P2_ad_3000ms,rr,3000,87,5,3,3.7688441276550293,,230,
1776656594.6923602,P2_ad_3000ms,rr,3000,87,6,289,363.0653381347656,,230,
1776656594.6923602,P2_ad_3000ms,rr,3000,87,7,0,0.0,,230,
1776656594.6923602,P2_ad_3000ms,rr,3000,87,8,0,0.0,,230,
1776656594.6923602,P2_ad_3000ms,rr,3000,87,9,5,6.281406879425049,,230,
1776656594.6923602,P2_ad_3000ms,rr,3000,87,10,3,3.7688441276550293,,230,
1776656594.6923602,P2_ad_3000ms,rr,3000,87,11,49,61.55778884887695,,230,
1776656594.6923602,P2_ad_3000ms,rr,3000,87,12,3,3.7688441276550293,,230,
1776656594.6923602,P2_ad_3000ms,rr,3000,87,13,0,0.0,,230,
1776656605.0246022,P2_ad_3000ms,rr,3000,88,1,52,65.32662963867188,,230,
1776656605.0246022,P2_ad_3000ms,rr,3000,88,2,25,31.40703582763672,,230,
1776656605.0246022,P2_ad_3000ms,rr,3000,88,3,6,7.537688255310059,,230,
1776656605.0246022,P2_ad_3000ms,rr,3000,88,4,1,1.2562813758850098,,230,
1776656605.0246022,P2_ad_3000ms,rr,3000,88,5,6,7.537688255310059,,230,
1776656605.0246022,P2_ad_3000ms,rr,3000,88,6,253,317.8392028808594,,230,
1776656605.0246022,P2_ad_3000ms,rr,3000,88,7,9,11.306532859802246,,230,
1776656605.0246022,P2_ad_3000ms,rr,3000,88,8,0,0.0,,230,
1776656605.0246022,P2_ad_3000ms,rr,3000,88,9,4,5.025125503540039,,230,
1776656605.0246022,P2_ad_3000ms,rr,3000,88,10,3,3.7688441276550293,,230,
1776656605.0246022,P2_ad_3000ms,rr,3000,88,11,76,95.47738647460938,,230,
1776656605.0246022,P2_ad_3000ms,rr,3000,88,12,0,0.0,,230,
1776656605.0246022,P2_ad_3000ms,rr,3000,88,13,1,1.2562813758850098,,230,
1776656615.3503447,P2_ad_3000ms,rr,3000,89,1,55,69.09547424316406,,230,
1776656615.3503447,P2_ad_3000ms,rr,3000,89,2,10,12.562813758850098,,230,
1776656615.3503447,P2_ad_3000ms,rr,3000,89,3,3,3.7688441276550293,,230,
1776656615.3503447,P2_ad_3000ms,rr,3000,89,4,3,3.7688441276550293,,230,
1776656615.3503447,P2_ad_3000ms,rr,3000,89,5,3,3.7688441276550293,,230,
1776656615.3503447,P2_ad_3000ms,rr,3000,89,6,242,304.0201110839844,,230,
1776656615.3503447,P2_ad_3000ms,rr,3000,89,7,1,1.2562813758850098,,230,
1776656615.3503447,P2_ad_3000ms,rr,3000,89,8,6,7.537688255310059,,230,
1776656615.3503447,P2_ad_3000ms,rr,3000,89,9,5,6.281406879425049,,230,
1776656615.3503447,P2_ad_3000ms,rr,3000,89,10,3,3.7688441276550293,,230,
1776656615.3503447,P2_ad_3000ms,rr,3000,89,11,47,59.04522705078125,,230,
1776656615.3503447,P2_ad_3000ms,rr,3000,89,12,8,10.050251007080078,,230,
1776656615.3503447,P2_ad_3000ms,rr,3000,89,13,0,0.0,,230,
1776656625.6951568,P2_ad_3000ms,rr,3000,90,1,77,96.7336654663086,,230,
1776656625.6951568,P2_ad_3000ms,rr,3000,90,2,8,10.050251007080078,,230,
1776656625.6951568,P2_ad_3000ms,rr,3000,90,3,3,3.7688441276550293,,230,
1776656625.6951568,P2_ad_3000ms,rr,3000,90,4,12,15.075376510620117,,230,
1776656625.6951568,P2_ad_3000ms,rr,3000,90,5,6,7.537688255310059,,230,
1776656625.6951568,P2_ad_3000ms,rr,3000,90,6,208,261.3065185546875,,230,
1776656625.6951568,P2_ad_3000ms,rr,3000,90,7,15,18.844221115112305,,230,
1776656625.6951568,P2_ad_3000ms,rr,3000,90,8,0,0.0,,230,
1776656625.6951568,P2_ad_3000ms,rr,3000,90,9,2,2.5125627517700195,,230,
1776656625.6951568,P2_ad_3000ms,rr,3000,90,10,3,3.7688441276550293,,230,
1776656625.6951568,P2_ad_3000ms,rr,3000,90,11,39,48.99497604370117,,230,
1776656625.6951568,P2_ad_3000ms,rr,3000,90,12,0,0.0,,230,
1776656625.6951568,P2_ad_3000ms,rr,3000,90,13,0,0.0,,230,
1776656636.04292,P2_ad_3000ms,rr,3000,91,1,69,86.68341827392578,,230,
1776656636.04292,P2_ad_3000ms,rr,3000,91,2,11,13.819095611572266,,230,
1776656636.04292,P2_ad_3000ms,rr,3000,91,3,5,6.281406879425049,,230,
1776656636.04292,P2_ad_3000ms,rr,3000,91,4,0,0.0,,230,
1776656636.04292,P2_ad_3000ms,rr,3000,91,5,3,3.7688441276550293,,230,
1776656636.04292,P2_ad_3000ms,rr,3000,91,6,245,307.7889404296875,,230,
1776656636.04292,P2_ad_3000ms,rr,3000,91,7,15,18.844221115112305,,230,
1776656636.04292,P2_ad_3000ms,rr,3000,91,8,3,3.7688441276550293,,230,
1776656636.04292,P2_ad_3000ms,rr,3000,91,9,10,12.562813758850098,,230,
1776656636.04292,P2_ad_3000ms,rr,3000,91,10,5,6.281406879425049,,230,
1776656636.04292,P2_ad_3000ms,rr,3000,91,11,48,60.30150604248047,,230,
1776656636.04292,P2_ad_3000ms,rr,3000,91,12,2,2.5125627517700195,,230,
1776656636.04292,P2_ad_3000ms,rr,3000,91,13,0,0.0,,230,
1776656646.4513993,P2_ad_3000ms,rr,3000,92,1,55,69.09547424316406,,230,
1776656646.4513993,P2_ad_3000ms,rr,3000,92,2,35,43.9698486328125,,230,
1776656646.4513993,P2_ad_3000ms,rr,3000,92,3,1,1.2562813758850098,,230,
1776656646.4513993,P2_ad_3000ms,rr,3000,92,4,2,2.5125627517700195,,230,
1776656646.4513993,P2_ad_3000ms,rr,3000,92,5,1,1.2562813758850098,,230,
1776656646.4513993,P2_ad_3000ms,rr,3000,92,6,260,326.6331787109375,,230,
1776656646.4513993,P2_ad_3000ms,rr,3000,92,7,12,15.075376510620117,,230,
1776656646.4513993,P2_ad_3000ms,rr,3000,92,8,11,13.819095611572266,,230,
1776656646.4513993,P2_ad_3000ms,rr,3000,92,9,6,7.537688255310059,,230,
1776656646.4513993,P2_ad_3000ms,rr,3000,92,10,8,10.050251007080078,,230,
1776656646.4513993,P2_ad_3000ms,rr,3000,92,11,79,99.24623107910156,,230,
1776656646.4513993,P2_ad_3000ms,rr,3000,92,12,4,5.025125503540039,,230,
1776656646.4513993,P2_ad_3000ms,rr,3000,92,13,1,1.2562813758850098,,230,
1776656656.813629,P2_ad_3000ms,rr,3000,93,1,56,70.35176086425781,,230,
1776656656.813629,P2_ad_3000ms,rr,3000,93,2,7,8.793970108032227,,230,
1776656656.813629,P2_ad_3000ms,rr,3000,93,3,3,3.7688441276550293,,230,
1776656656.813629,P2_ad_3000ms,rr,3000,93,4,1,1.2562813758850098,,230,
1776656656.813629,P2_ad_3000ms,rr,3000,93,5,1,1.2562813758850098,,230,
1776656656.813629,P2_ad_3000ms,rr,3000,93,6,277,347.9899597167969,,230,
1776656656.813629,P2_ad_3000ms,rr,3000,93,7,7,8.793970108032227,,230,
1776656656.813629,P2_ad_3000ms,rr,3000,93,8,1,1.2562813758850098,,230,
1776656656.813629,P2_ad_3000ms,rr,3000,93,9,5,6.281406879425049,,230,
1776656656.813629,P2_ad_3000ms,rr,3000,93,10,5,6.281406879425049,,230,
1776656656.813629,P2_ad_3000ms,rr,3000,93,11,101,126.8844223022461,,230,
1776656656.813629,P2_ad_3000ms,rr,3000,93,12,2,2.5125627517700195,,230,
1776656656.813629,P2_ad_3000ms,rr,3000,93,13,0,0.0,,230,
1776656667.1589487,P2_ad_3000ms,rr,3000,94,1,42,52.76382064819336,,230,
1776656667.1589487,P2_ad_3000ms,rr,3000,94,2,1,1.2562813758850098,,230,
1776656667.1589487,P2_ad_3000ms,rr,3000,94,3,1,1.2562813758850098,,230,
1776656667.1589487,P2_ad_3000ms,rr,3000,94,4,2,2.5125627517700195,,230,
1776656667.1589487,P2_ad_3000ms,rr,3000,94,5,19,23.869346618652344,,230,
1776656667.1589487,P2_ad_3000ms,rr,3000,94,6,188,236.180908203125,,230,
1776656667.1589487,P2_ad_3000ms,rr,3000,94,7,4,5.025125503540039,,230,
1776656667.1589487,P2_ad_3000ms,rr,3000,94,8,1,1.2562813758850098,,230,
1776656667.1589487,P2_ad_3000ms,rr,3000,94,9,3,3.7688441276550293,,230,
1776656667.1589487,P2_ad_3000ms,rr,3000,94,10,6,7.537688255310059,,230,
1776656667.1589487,P2_ad_3000ms,rr,3000,94,11,51,64.07035064697266,,230,
1776656667.1589487,P2_ad_3000ms,rr,3000,94,12,1,1.2562813758850098,,230,
1776656667.1589487,P2_ad_3000ms,rr,3000,94,13,0,0.0,,230,
1776656708.642068,P3_ad_5000ms,rr,5000,98,1,39,48.99497604370117,,384,
1776656708.642068,P3_ad_5000ms,rr,5000,98,2,1,1.2562813758850098,,384,
1776656708.642068,P3_ad_5000ms,rr,5000,98,3,2,2.5125627517700195,,384,
1776656708.642068,P3_ad_5000ms,rr,5000,98,4,1,1.2562813758850098,,384,
1776656708.642068,P3_ad_5000ms,rr,5000,98,5,64,80.40200805664062,,384,
1776656708.642068,P3_ad_5000ms,rr,5000,98,6,212,266.3316650390625,,384,
1776656708.642068,P3_ad_5000ms,rr,5000,98,7,8,10.050251007080078,,384,
1776656708.642068,P3_ad_5000ms,rr,5000,98,8,1,1.2562813758850098,,384,
1776656708.642068,P3_ad_5000ms,rr,5000,98,9,1,1.2562813758850098,,384,
1776656708.642068,P3_ad_5000ms,rr,5000,98,10,6,7.537688255310059,,384,
1776656708.642068,P3_ad_5000ms,rr,5000,98,11,56,70.35176086425781,,384,
1776656708.642068,P3_ad_5000ms,rr,5000,98,12,0,0.0,,384,
1776656708.642068,P3_ad_5000ms,rr,5000,98,13,0,0.0,,384,
1776656718.999064,P3_ad_5000ms,rr,5000,99,1,44,55.27638244628906,,384,
1776656718.999064,P3_ad_5000ms,rr,5000,99,2,8,10.050251007080078,,384,
1776656718.999064,P3_ad_5000ms,rr,5000,99,3,2,2.5125627517700195,,384,
1776656718.999064,P3_ad_5000ms,rr,5000,99,4,8,10.050251007080078,,384,
1776656718.999064,P3_ad_5000ms,rr,5000,99,5,0,0.0,,384,
1776656718.999064,P3_ad_5000ms,rr,5000,99,6,218,273.8693542480469,,384,
1776656718.999064,P3_ad_5000ms,rr,5000,99,7,4,5.025125503540039,,384,
1776656718.999064,P3_ad_5000ms,rr,5000,99,8,1,1.2562813758850098,,384,
1776656718.999064,P3_ad_5000ms,rr,5000,99,9,1,1.2562813758850098,,384,
1776656718.999064,P3_ad_5000ms,rr,5000,99,10,4,5.025125503540039,,384,
1776656718.999064,P3_ad_5000ms,rr,5000,99,11,52,65.32662963867188,,384,
1776656718.999064,P3_ad_5000ms,rr,5000,99,12,2,2.5125627517700195,,384,
1776656718.999064,P3_ad_5000ms,rr,5000,99,13,0,0.0,,384,
1776656729.3741515,P3_ad_5000ms,rr,5000,100,1,45,56.53266143798828,,384,
1776656729.3741515,P3_ad_5000ms,rr,5000,100,2,0,0.0,,384,
1776656729.3741515,P3_ad_5000ms,rr,5000,100,3,3,3.7688441276550293,,384,
1776656729.3741515,P3_ad_5000ms,rr,5000,100,4,3,3.7688441276550293,,384,
1776656729.3741515,P3_ad_5000ms,rr,5000,100,5,1,1.2562813758850098,,384,
1776656729.3741515,P3_ad_5000ms,rr,5000,100,6,207,260.0502624511719,,384,
1776656729.3741515,P3_ad_5000ms,rr,5000,100,7,5,6.281406879425049,,384,
1776656729.3741515,P3_ad_5000ms,rr,5000,100,8,29,36.432159423828125,,384,
1776656729.3741515,P3_ad_5000ms,rr,5000,100,9,3,3.7688441276550293,,384,
1776656729.3741515,P3_ad_5000ms,rr,5000,100,10,7,8.793970108032227,,384,
1776656729.3741515,P3_ad_5000ms,rr,5000,100,11,61,76.63316345214844,,384,
1776656729.3741515,P3_ad_5000ms,rr,5000,100,12,0,0.0,,384,
1776656729.3741515,P3_ad_5000ms,rr,5000,100,13,0,0.0,,384,
1776656739.6743512,P3_ad_5000ms,rr,5000,101,1,43,54.02009963989258,,384,
1776656739.6743512,P3_ad_5000ms,rr,5000,101,2,8,10.050251007080078,,384,
1776656739.6743512,P3_ad_5000ms,rr,5000,101,3,2,2.5125627517700195,,384,
1776656739.6743512,P3_ad_5000ms,rr,5000,101,4,3,3.7688441276550293,,384,
1776656739.6743512,P3_ad_5000ms,rr,5000,101,5,4,5.025125503540039,,384,
1776656739.6743512,P3_ad_5000ms,rr,5000,101,6,258,324.12060546875,,384,
1776656739.6743512,P3_ad_5000ms,rr,5000,101,7,3,3.7688441276550293,,384,
1776656739.6743512,P3_ad_5000ms,rr,5000,101,8,13,16.33165740966797,,384,
1776656739.6743512,P3_ad_5000ms,rr,5000,101,9,3,3.7688441276550293,,384,
1776656739.6743512,P3_ad_5000ms,rr,5000,101,10,5,6.281406879425049,,384,
1776656739.6743512,P3_ad_5000ms,rr,5000,101,11,43,54.02009963989258,,384,
1776656739.6743512,P3_ad_5000ms,rr,5000,101,12,0,0.0,,384,
1776656739.6743512,P3_ad_5000ms,rr,5000,101,13,0,0.0,,384,
1776656750.084657,P3_ad_5000ms,rr,5000,102,1,35,43.9698486328125,,384,
1776656750.084657,P3_ad_5000ms,rr,5000,102,2,5,6.281406879425049,,384,
1776656750.084657,P3_ad_5000ms,rr,5000,102,3,4,5.025125503540039,,384,
1776656750.084657,P3_ad_5000ms,rr,5000,102,4,9,11.306532859802246,,384,
1776656750.084657,P3_ad_5000ms,rr,5000,102,5,1,1.2562813758850098,,384,
1776656750.084657,P3_ad_5000ms,rr,5000,102,6,207,260.0502624511719,,384,
1776656750.084657,P3_ad_5000ms,rr,5000,102,7,61,76.63316345214844,,384,
1776656750.084657,P3_ad_5000ms,rr,5000,102,8,4,5.025125503540039,,384,
1776656750.084657,P3_ad_5000ms,rr,5000,102,9,7,8.793970108032227,,384,
1776656750.084657,P3_ad_5000ms,rr,5000,102,10,13,16.33165740966797,,384,
1776656750.084657,P3_ad_5000ms,rr,5000,102,11,60,75.37688446044922,,384,
1776656750.084657,P3_ad_5000ms,rr,5000,102,12,0,0.0,,384,
1776656750.084657,P3_ad_5000ms,rr,5000,102,13,0,0.0,,384,
1776656760.3982031,P3_ad_5000ms,rr,5000,103,1,27,33.91959762573242,,384,
1776656760.3982031,P3_ad_5000ms,rr,5000,103,2,7,8.793970108032227,,384,
1776656760.3982031,P3_ad_5000ms,rr,5000,103,3,10,12.562813758850098,,384,
1776656760.3982031,P3_ad_5000ms,rr,5000,103,4,4,5.025125503540039,,384,
1776656760.3982031,P3_ad_5000ms,rr,5000,103,5,3,3.7688441276550293,,384,
1776656760.3982031,P3_ad_5000ms,rr,5000,103,6,186,233.6683349609375,,384,
1776656760.3982031,P3_ad_5000ms,rr,5000,103,7,8,10.050251007080078,,384,
1776656760.3982031,P3_ad_5000ms,rr,5000,103,8,1,1.2562813758850098,,384,
1776656760.3982031,P3_ad_5000ms,rr,5000,103,9,3,3.7688441276550293,,384,
1776656760.3982031,P3_ad_5000ms,rr,5000,103,10,12,15.075376510620117,,384,
1776656760.3982031,P3_ad_5000ms,rr,5000,103,11,73,91.70854187011719,,384,
1776656760.3982031,P3_ad_5000ms,rr,5000,103,12,2,2.5125627517700195,,384,
1776656760.3982031,P3_ad_5000ms,rr,5000,103,13,0,0.0,,384,
1776656770.7662172,P3_ad_5000ms,rr,5000,104,1,36,45.226131439208984,,384,
1776656770.7662172,P3_ad_5000ms,rr,5000,104,2,26,32.66331481933594,,384,
1776656770.7662172,P3_ad_5000ms,rr,5000,104,3,5,6.281406879425049,,384,
1776656770.7662172,P3_ad_5000ms,rr,5000,104,4,0,0.0,,384,
1776656770.7662172,P3_ad_5000ms,rr,5000,104,5,3,3.7688441276550293,,384,
1776656770.7662172,P3_ad_5000ms,rr,5000,104,6,186,233.6683349609375,,384,
1776656770.7662172,P3_ad_5000ms,rr,5000,104,7,3,3.7688441276550293,,384,
1776656770.7662172,P3_ad_5000ms,rr,5000,104,8,2,2.5125627517700195,,384,
1776656770.7662172,P3_ad_5000ms,rr,5000,104,9,3,3.7688441276550293,,384,
1776656770.7662172,P3_ad_5000ms,rr,5000,104,10,5,6.281406879425049,,384,
1776656770.7662172,P3_ad_5000ms,rr,5000,104,11,25,31.40703582763672,,384,
1776656770.7662172,P3_ad_5000ms,rr,5000,104,12,4,5.025125503540039,,384,
1776656770.7662172,P3_ad_5000ms,rr,5000,104,13,0,0.0,,384,
1776656781.0840394,P3_ad_5000ms,rr,5000,105,1,24,30.150753021240234,,384,
1776656781.0840394,P3_ad_5000ms,rr,5000,105,2,2,2.5125627517700195,,384,
1776656781.0840394,P3_ad_5000ms,rr,5000,105,3,0,0.0,,384,
1776656781.0840394,P3_ad_5000ms,rr,5000,105,4,1,1.2562813758850098,,384,
1776656781.0840394,P3_ad_5000ms,rr,5000,105,5,2,2.5125627517700195,,384,
1776656781.0840394,P3_ad_5000ms,rr,5000,105,6,100,125.62814331054688,,384,
1776656781.0840394,P3_ad_5000ms,rr,5000,105,7,1,1.2562813758850098,,384,
1776656781.0840394,P3_ad_5000ms,rr,5000,105,8,3,3.7688441276550293,,384,
1776656781.0840394,P3_ad_5000ms,rr,5000,105,9,1,1.2562813758850098,,384,
1776656781.0840394,P3_ad_5000ms,rr,5000,105,10,3,3.7688441276550293,,384,
1776656781.0840394,P3_ad_5000ms,rr,5000,105,11,62,77.88945007324219,,384,
1776656781.0840394,P3_ad_5000ms,rr,5000,105,12,3,3.7688441276550293,,384,
1776656781.0840394,P3_ad_5000ms,rr,5000,105,13,0,0.0,,384,
1776656791.5273724,P3_ad_5000ms,rr,5000,106,1,54,67.83919525146484,,384,
1776656791.5273724,P3_ad_5000ms,rr,5000,106,2,5,6.281406879425049,,384,
1776656791.5273724,P3_ad_5000ms,rr,5000,106,3,0,0.0,,384,
1776656791.5273724,P3_ad_5000ms,rr,5000,106,4,1,1.2562813758850098,,384,
1776656791.5273724,P3_ad_5000ms,rr,5000,106,5,17,21.356782913208008,,384,
1776656791.5273724,P3_ad_5000ms,rr,5000,106,6,189,237.4371795654297,,384,
1776656791.5273724,P3_ad_5000ms,rr,5000,106,7,13,16.33165740966797,,384,
1776656791.5273724,P3_ad_5000ms,rr,5000,106,8,2,2.5125627517700195,,384,
1776656791.5273724,P3_ad_5000ms,rr,5000,106,9,3,3.7688441276550293,,384,
1776656791.5273724,P3_ad_5000ms,rr,5000,106,10,5,6.281406879425049,,384,
1776656791.5273724,P3_ad_5000ms,rr,5000,106,11,22,27.63819122314453,,384,
1776656791.5273724,P3_ad_5000ms,rr,5000,106,12,3,3.7688441276550293,,384,
1776656791.5273724,P3_ad_5000ms,rr,5000,106,13,0,0.0,,384,
1776656801.8557358,P3_ad_5000ms,rr,5000,107,1,52,65.32662963867188,,384,
1776656801.8557358,P3_ad_5000ms,rr,5000,107,2,2,2.5125627517700195,,384,
1776656801.8557358,P3_ad_5000ms,rr,5000,107,3,5,6.281406879425049,,384,
1776656801.8557358,P3_ad_5000ms,rr,5000,107,4,2,2.5125627517700195,,384,
1776656801.8557358,P3_ad_5000ms,rr,5000,107,5,4,5.025125503540039,,384,
1776656801.8557358,P3_ad_5000ms,rr,5000,107,6,199,250.0,,384,
1776656801.8557358,P3_ad_5000ms,rr,5000,107,7,6,7.537688255310059,,384,
1776656801.8557358,P3_ad_5000ms,rr,5000,107,8,3,3.7688441276550293,,384,
1776656801.8557358,P3_ad_5000ms,rr,5000,107,9,5,6.281406879425049,,384,
1776656801.8557358,P3_ad_5000ms,rr,5000,107,10,4,5.025125503540039,,384,
1776656801.8557358,P3_ad_5000ms,rr,5000,107,11,17,21.356782913208008,,384,
1776656801.8557358,P3_ad_5000ms,rr,5000,107,12,7,8.793970108032227,,384,
1776656801.8557358,P3_ad_5000ms,rr,5000,107,13,1,1.2562813758850098,,384,
1776656812.1983497,P3_ad_5000ms,rr,5000,108,1,56,70.35176086425781,,384,
1776656812.1983497,P3_ad_5000ms,rr,5000,108,2,6,7.537688255310059,,384,
1776656812.1983497,P3_ad_5000ms,rr,5000,108,3,3,3.7688441276550293,,384,
1776656812.1983497,P3_ad_5000ms,rr,5000,108,4,12,15.075376510620117,,384,
1776656812.1983497,P3_ad_5000ms,rr,5000,108,5,2,2.5125627517700195,,384,
1776656812.1983497,P3_ad_5000ms,rr,5000,108,6,219,275.1256408691406,,384,
1776656812.1983497,P3_ad_5000ms,rr,5000,108,7,1,1.2562813758850098,,384,
1776656812.1983497,P3_ad_5000ms,rr,5000,108,8,2,2.5125627517700195,,384,
1776656812.1983497,P3_ad_5000ms,rr,5000,108,9,3,3.7688441276550293,,384,
1776656812.1983497,P3_ad_5000ms,rr,5000,108,10,1,1.2562813758850098,,384,
1776656812.1983497,P3_ad_5000ms,rr,5000,108,11,29,36.432159423828125,,384,
1776656812.1983497,P3_ad_5000ms,rr,5000,108,12,7,8.793970108032227,,384,
1776656812.1983497,P3_ad_5000ms,rr,5000,108,13,1,1.2562813758850098,,384,
1776656822.5652754,P3_ad_5000ms,rr,5000,109,1,22,27.63819122314453,,384,
1776656822.5652754,P3_ad_5000ms,rr,5000,109,2,5,6.281406879425049,,384,
1776656822.5652754,P3_ad_5000ms,rr,5000,109,3,3,3.7688441276550293,,384,
1776656822.5652754,P3_ad_5000ms,rr,5000,109,4,10,12.562813758850098,,384,
1776656822.5652754,P3_ad_5000ms,rr,5000,109,5,9,11.306532859802246,,384,
1776656822.5652754,P3_ad_5000ms,rr,5000,109,6,221,277.63818359375,,384,
1776656822.5652754,P3_ad_5000ms,rr,5000,109,7,5,6.281406879425049,,384,
1776656822.5652754,P3_ad_5000ms,rr,5000,109,8,3,3.7688441276550293,,384,
1776656822.5652754,P3_ad_5000ms,rr,5000,109,9,7,8.793970108032227,,384,
1776656822.5652754,P3_ad_5000ms,rr,5000,109,10,10,12.562813758850098,,384,
1776656822.5652754,P3_ad_5000ms,rr,5000,109,11,22,27.63819122314453,,384,
1776656822.5652754,P3_ad_5000ms,rr,5000,109,12,3,3.7688441276550293,,384,
1776656822.5652754,P3_ad_5000ms,rr,5000,109,13,1,1.2562813758850098,,384,
1776656832.9426332,P3_ad_5000ms,rr,5000,110,1,47,59.04522705078125,,384,
1776656832.9426332,P3_ad_5000ms,rr,5000,110,2,3,3.7688441276550293,,384,
1776656832.9426332,P3_ad_5000ms,rr,5000,110,3,3,3.7688441276550293,,384,
1776656832.9426332,P3_ad_5000ms,rr,5000,110,4,0,0.0,,384,
1776656832.9426332,P3_ad_5000ms,rr,5000,110,5,3,3.7688441276550293,,384,
1776656832.9426332,P3_ad_5000ms,rr,5000,110,6,247,310.301513671875,,384,
1776656832.9426332,P3_ad_5000ms,rr,5000,110,7,5,6.281406879425049,,384,
1776656832.9426332,P3_ad_5000ms,rr,5000,110,8,1,1.2562813758850098,,384,
1776656832.9426332,P3_ad_5000ms,rr,5000,110,9,3,3.7688441276550293,,384,
1776656832.9426332,P3_ad_5000ms,rr,5000,110,10,4,5.025125503540039,,384,
1776656832.9426332,P3_ad_5000ms,rr,5000,110,11,39,48.99497604370117,,384,
1776656832.9426332,P3_ad_5000ms,rr,5000,110,12,1,1.2562813758850098,,384,
1776656832.9426332,P3_ad_5000ms,rr,5000,110,13,1,1.2562813758850098,,384,
1776656853.6938534,P3_ad_5000ms,rr,5000,112,1,39,48.99497604370117,,384,
1776656853.6938534,P3_ad_5000ms,rr,5000,112,2,3,3.7688441276550293,,384,
1776656853.6938534,P3_ad_5000ms,rr,5000,112,3,2,2.5125627517700195,,384,
1776656853.6938534,P3_ad_5000ms,rr,5000,112,4,2,2.5125627517700195,,384,
1776656853.6938534,P3_ad_5000ms,rr,5000,112,5,6,7.537688255310059,,384,
1776656853.6938534,P3_ad_5000ms,rr,5000,112,6,210,263.819091796875,,384,
1776656853.6938534,P3_ad_5000ms,rr,5000,112,7,2,2.5125627517700195,,384,
1776656853.6938534,P3_ad_5000ms,rr,5000,112,8,1,1.2562813758850098,,384,
1776656853.6938534,P3_ad_5000ms,rr,5000,112,9,4,5.025125503540039,,384,
1776656853.6938534,P3_ad_5000ms,rr,5000,112,10,3,3.7688441276550293,,384,
1776656853.6938534,P3_ad_5000ms,rr,5000,112,11,28,35.175880432128906,,384,
1776656853.6938534,P3_ad_5000ms,rr,5000,112,12,0,0.0,,384,
1776656853.6938534,P3_ad_5000ms,rr,5000,112,13,1,1.2562813758850098,,384,
1776656874.3597724,P3_ad_5000ms,rr,5000,114,1,52,65.32662963867188,,384,
1776656874.3597724,P3_ad_5000ms,rr,5000,114,2,15,18.844221115112305,,384,
1776656874.3597724,P3_ad_5000ms,rr,5000,114,3,7,8.793970108032227,,384,
1776656874.3597724,P3_ad_5000ms,rr,5000,114,4,5,6.281406879425049,,384,
1776656874.3597724,P3_ad_5000ms,rr,5000,114,5,2,2.5125627517700195,,384,
1776656874.3597724,P3_ad_5000ms,rr,5000,114,6,190,238.69346618652344,,384,
1776656874.3597724,P3_ad_5000ms,rr,5000,114,7,4,5.025125503540039,,384,
1776656874.3597724,P3_ad_5000ms,rr,5000,114,8,1,1.2562813758850098,,384,
1776656874.3597724,P3_ad_5000ms,rr,5000,114,9,1,1.2562813758850098,,384,
1776656874.3597724,P3_ad_5000ms,rr,5000,114,10,8,10.050251007080078,,384,
1776656874.3597724,P3_ad_5000ms,rr,5000,114,11,48,60.30150604248047,,384,
1776656874.3597724,P3_ad_5000ms,rr,5000,114,12,8,10.050251007080078,,384,
1776656874.3597724,P3_ad_5000ms,rr,5000,114,13,2,2.5125627517700195,,384,
1776656884.7681415,P3_ad_5000ms,rr,5000,115,1,32,40.20100402832031,,384,
1776656884.7681415,P3_ad_5000ms,rr,5000,115,2,6,7.537688255310059,,384,
1776656884.7681415,P3_ad_5000ms,rr,5000,115,3,12,15.075376510620117,,384,
1776656884.7681415,P3_ad_5000ms,rr,5000,115,4,0,0.0,,384,
1776656884.7681415,P3_ad_5000ms,rr,5000,115,5,4,5.025125503540039,,384,
1776656884.7681415,P3_ad_5000ms,rr,5000,115,6,207,260.0502624511719,,384,
1776656884.7681415,P3_ad_5000ms,rr,5000,115,7,5,6.281406879425049,,384,
1776656884.7681415,P3_ad_5000ms,rr,5000,115,8,5,6.281406879425049,,384,
1776656884.7681415,P3_ad_5000ms,rr,5000,115,9,3,3.7688441276550293,,384,
1776656884.7681415,P3_ad_5000ms,rr,5000,115,10,8,10.050251007080078,,384,
1776656884.7681415,P3_ad_5000ms,rr,5000,115,11,48,60.30150604248047,,384,
1776656884.7681415,P3_ad_5000ms,rr,5000,115,12,0,0.0,,384,
1776656884.7681415,P3_ad_5000ms,rr,5000,115,13,0,0.0,,384,
1776656895.1616309,P3_ad_5000ms,rr,5000,116,1,51,64.07035064697266,,384,
1776656895.1616309,P3_ad_5000ms,rr,5000,116,2,6,7.537688255310059,,384,
1776656895.1616309,P3_ad_5000ms,rr,5000,116,3,4,5.025125503540039,,384,
1776656895.1616309,P3_ad_5000ms,rr,5000,116,4,1,1.2562813758850098,,384,
1776656895.1616309,P3_ad_5000ms,rr,5000,116,5,0,0.0,,384,
1776656895.1616309,P3_ad_5000ms,rr,5000,116,6,142,178.39195251464844,,384,
1776656895.1616309,P3_ad_5000ms,rr,5000,116,7,6,7.537688255310059,,384,
1776656895.1616309,P3_ad_5000ms,rr,5000,116,8,2,2.5125627517700195,,384,
1776656895.1616309,P3_ad_5000ms,rr,5000,116,9,1,1.2562813758850098,,384,
1776656895.1616309,P3_ad_5000ms,rr,5000,116,10,5,6.281406879425049,,384,
1776656895.1616309,P3_ad_5000ms,rr,5000,116,11,26,32.66331481933594,,384,
1776656895.1616309,P3_ad_5000ms,rr,5000,116,12,2,2.5125627517700195,,384,
1776656895.1616309,P3_ad_5000ms,rr,5000,116,13,0,0.0,,384,
1776656905.447189,P3_ad_5000ms,rr,5000,117,1,64,80.40200805664062,,384,
1776656905.447189,P3_ad_5000ms,rr,5000,117,2,8,10.050251007080078,,384,
1776656905.447189,P3_ad_5000ms,rr,5000,117,3,4,5.025125503540039,,384,
1776656905.447189,P3_ad_5000ms,rr,5000,117,4,1,1.2562813758850098,,384,
1776656905.447189,P3_ad_5000ms,rr,5000,117,5,14,17.587940216064453,,384,
1776656905.447189,P3_ad_5000ms,rr,5000,117,6,164,206.0301513671875,,384,
1776656905.447189,P3_ad_5000ms,rr,5000,117,7,22,27.63819122314453,,384,
1776656905.447189,P3_ad_5000ms,rr,5000,117,8,4,5.025125503540039,,384,
1776656905.447189,P3_ad_5000ms,rr,5000,117,9,5,6.281406879425049,,384,
1776656905.447189,P3_ad_5000ms,rr,5000,117,10,13,16.33165740966797,,384,
1776656905.447189,P3_ad_5000ms,rr,5000,117,11,42,52.76382064819336,,384,
1776656905.447189,P3_ad_5000ms,rr,5000,117,12,2,2.5125627517700195,,384,
1776656905.447189,P3_ad_5000ms,rr,5000,117,13,1,1.2562813758850098,,384,
1776656915.8346136,P3_ad_5000ms,rr,5000,118,1,61,76.63316345214844,,384,
1776656915.8346136,P3_ad_5000ms,rr,5000,118,2,1,1.2562813758850098,,384,
1776656915.8346136,P3_ad_5000ms,rr,5000,118,3,4,5.025125503540039,,384,
1776656915.8346136,P3_ad_5000ms,rr,5000,118,4,5,6.281406879425049,,384,
1776656915.8346136,P3_ad_5000ms,rr,5000,118,5,4,5.025125503540039,,384,
1776656915.8346136,P3_ad_5000ms,rr,5000,118,6,206,258.7939758300781,,384,
1776656915.8346136,P3_ad_5000ms,rr,5000,118,7,8,10.050251007080078,,384,
1776656915.8346136,P3_ad_5000ms,rr,5000,118,8,1,1.2562813758850098,,384,
1776656915.8346136,P3_ad_5000ms,rr,5000,118,9,1,1.2562813758850098,,384,
1776656915.8346136,P3_ad_5000ms,rr,5000,118,10,0,0.0,,384,
1776656915.8346136,P3_ad_5000ms,rr,5000,118,11,54,67.83919525146484,,384,
1776656915.8346136,P3_ad_5000ms,rr,5000,118,12,0,0.0,,384,
1776656915.8346136,P3_ad_5000ms,rr,5000,118,13,0,0.0,,384,
1776656926.2317948,P3_ad_5000ms,rr,5000,119,1,69,86.68341827392578,,384,
1776656926.2317948,P3_ad_5000ms,rr,5000,119,2,29,36.432159423828125,,384,
1776656926.2317948,P3_ad_5000ms,rr,5000,119,3,2,2.5125627517700195,,384,
1776656926.2317948,P3_ad_5000ms,rr,5000,119,4,0,0.0,,384,
1776656926.2317948,P3_ad_5000ms,rr,5000,119,5,0,0.0,,384,
1776656926.2317948,P3_ad_5000ms,rr,5000,119,6,191,239.9497528076172,,384,
1776656926.2317948,P3_ad_5000ms,rr,5000,119,7,8,10.050251007080078,,384,
1776656926.2317948,P3_ad_5000ms,rr,5000,119,8,3,3.7688441276550293,,384,
1776656926.2317948,P3_ad_5000ms,rr,5000,119,9,0,0.0,,384,
1776656926.2317948,P3_ad_5000ms,rr,5000,119,10,0,0.0,,384,
1776656926.2317948,P3_ad_5000ms,rr,5000,119,11,42,52.76382064819336,,384,
1776656926.2317948,P3_ad_5000ms,rr,5000,119,12,3,3.7688441276550293,,384,
1776656926.2317948,P3_ad_5000ms,rr,5000,119,13,0,0.0,,384,
1776656936.5318627,P3_ad_5000ms,rr,5000,120,1,57,71.60803985595703,,384,
1776656936.5318627,P3_ad_5000ms,rr,5000,120,2,5,6.281406879425049,,384,
1776656936.5318627,P3_ad_5000ms,rr,5000,120,3,4,5.025125503540039,,384,
1776656936.5318627,P3_ad_5000ms,rr,5000,120,4,7,8.793970108032227,,384,
1776656936.5318627,P3_ad_5000ms,rr,5000,120,5,2,2.5125627517700195,,384,
1776656936.5318627,P3_ad_5000ms,rr,5000,120,6,173,217.33668518066406,,384,
1776656936.5318627,P3_ad_5000ms,rr,5000,120,7,6,7.537688255310059,,384,
1776656936.5318627,P3_ad_5000ms,rr,5000,120,8,6,7.537688255310059,,384,
1776656936.5318627,P3_ad_5000ms,rr,5000,120,9,11,13.819095611572266,,384,
1776656936.5318627,P3_ad_5000ms,rr,5000,120,10,78,97.98995208740234,,384,
1776656936.5318627,P3_ad_5000ms,rr,5000,120,11,49,61.55778884887695,,384,
1776656936.5318627,P3_ad_5000ms,rr,5000,120,12,0,0.0,,384,
1776656936.5318627,P3_ad_5000ms,rr,5000,120,13,1,1.2562813758850098,,384,
1776656946.889728,P3_ad_5000ms,rr,5000,121,1,43,54.02009963989258,,384,
1776656946.889728,P3_ad_5000ms,rr,5000,121,2,13,16.33165740966797,,384,
1776656946.889728,P3_ad_5000ms,rr,5000,121,3,0,0.0,,384,
1776656946.889728,P3_ad_5000ms,rr,5000,121,4,7,8.793970108032227,,384,
1776656946.889728,P3_ad_5000ms,rr,5000,121,5,13,16.33165740966797,,384,
1776656946.889728,P3_ad_5000ms,rr,5000,121,6,150,188.4422149658203,,384,
1776656946.889728,P3_ad_5000ms,rr,5000,121,7,63,79.1457290649414,,384,
1776656946.889728,P3_ad_5000ms,rr,5000,121,8,7,8.793970108032227,,384,
1776656946.889728,P3_ad_5000ms,rr,5000,121,9,5,6.281406879425049,,384,
1776656946.889728,P3_ad_5000ms,rr,5000,121,10,10,12.562813758850098,,384,
1776656946.889728,P3_ad_5000ms,rr,5000,121,11,42,52.76382064819336,,384,
1776656946.889728,P3_ad_5000ms,rr,5000,121,12,1,1.2562813758850098,,384,
1776656946.889728,P3_ad_5000ms,rr,5000,121,13,0,0.0,,384,
1776656957.2554965,P3_ad_5000ms,rr,5000,122,1,53,66.58291625976562,,384,
1776656957.2554965,P3_ad_5000ms,rr,5000,122,2,2,2.5125627517700195,,384,
1776656957.2554965,P3_ad_5000ms,rr,5000,122,3,4,5.025125503540039,,384,
1776656957.2554965,P3_ad_5000ms,rr,5000,122,4,2,2.5125627517700195,,384,
1776656957.2554965,P3_ad_5000ms,rr,5000,122,5,10,12.562813758850098,,384,
1776656957.2554965,P3_ad_5000ms,rr,5000,122,6,176,221.10552978515625,,384,
1776656957.2554965,P3_ad_5000ms,rr,5000,122,7,1,1.2562813758850098,,384,
1776656957.2554965,P3_ad_5000ms,rr,5000,122,8,6,7.537688255310059,,384,
1776656957.2554965,P3_ad_5000ms,rr,5000,122,9,2,2.5125627517700195,,384,
1776656957.2554965,P3_ad_5000ms,rr,5000,122,10,5,6.281406879425049,,384,
1776656957.2554965,P3_ad_5000ms,rr,5000,122,11,69,86.68341827392578,,384,
1776656957.2554965,P3_ad_5000ms,rr,5000,122,12,1,1.2562813758850098,,384,
1776656957.2554965,P3_ad_5000ms,rr,5000,122,13,1,1.2562813758850098,,384,
1776656967.593813,P3_ad_5000ms,rr,5000,123,1,60,75.37688446044922,,384,
1776656967.593813,P3_ad_5000ms,rr,5000,123,2,6,7.537688255310059,,384,
1776656967.593813,P3_ad_5000ms,rr,5000,123,3,2,2.5125627517700195,,384,
1776656967.593813,P3_ad_5000ms,rr,5000,123,4,5,6.281406879425049,,384,
1776656967.593813,P3_ad_5000ms,rr,5000,123,5,3,3.7688441276550293,,384,
1776656967.593813,P3_ad_5000ms,rr,5000,123,6,132,165.8291473388672,,384,
1776656967.593813,P3_ad_5000ms,rr,5000,123,7,3,3.7688441276550293,,384,
1776656967.593813,P3_ad_5000ms,rr,5000,123,8,0,0.0,,384,
1776656967.593813,P3_ad_5000ms,rr,5000,123,9,17,21.356782913208008,,384,
1776656967.593813,P3_ad_5000ms,rr,5000,123,10,6,7.537688255310059,,384,
1776656967.593813,P3_ad_5000ms,rr,5000,123,11,28,35.175880432128906,,384,
1776656967.593813,P3_ad_5000ms,rr,5000,123,12,5,6.281406879425049,,384,
1776656967.593813,P3_ad_5000ms,rr,5000,123,13,0,0.0,,384,
1776657009.0351598,P4_ad_7000ms,rr,7000,127,1,50,62.81407165527344,,538,
1776657009.0351598,P4_ad_7000ms,rr,7000,127,2,4,5.025125503540039,,538,
1776657009.0351598,P4_ad_7000ms,rr,7000,127,3,0,0.0,,538,
1776657009.0351598,P4_ad_7000ms,rr,7000,127,4,2,2.5125627517700195,,538,
1776657009.0351598,P4_ad_7000ms,rr,7000,127,5,2,2.5125627517700195,,538,
1776657009.0351598,P4_ad_7000ms,rr,7000,127,6,209,262.56280517578125,,538,
1776657009.0351598,P4_ad_7000ms,rr,7000,127,7,11,13.819095611572266,,538,
1776657009.0351598,P4_ad_7000ms,rr,7000,127,8,0,0.0,,538,
1776657009.0351598,P4_ad_7000ms,rr,7000,127,9,0,0.0,,538,
1776657009.0351598,P4_ad_7000ms,rr,7000,127,10,3,3.7688441276550293,,538,
1776657009.0351598,P4_ad_7000ms,rr,7000,127,11,28,35.175880432128906,,538,
1776657009.0351598,P4_ad_7000ms,rr,7000,127,12,2,2.5125627517700195,,538,
1776657009.0351598,P4_ad_7000ms,rr,7000,127,13,1,1.2562813758850098,,538,
1776657019.3904934,P4_ad_7000ms,rr,7000,128,1,65,81.65829467773438,,538,
1776657019.3904934,P4_ad_7000ms,rr,7000,128,2,4,5.025125503540039,,538,
1776657019.3904934,P4_ad_7000ms,rr,7000,128,3,4,5.025125503540039,,538,
1776657019.3904934,P4_ad_7000ms,rr,7000,128,4,0,0.0,,538,
1776657019.3904934,P4_ad_7000ms,rr,7000,128,5,4,5.025125503540039,,538,
1776657019.3904934,P4_ad_7000ms,rr,7000,128,6,219,275.1256408691406,,538,
1776657019.3904934,P4_ad_7000ms,rr,7000,128,7,6,7.537688255310059,,538,
1776657019.3904934,P4_ad_7000ms,rr,7000,128,8,3,3.7688441276550293,,538,
1776657019.3904934,P4_ad_7000ms,rr,7000,128,9,2,2.5125627517700195,,538,
1776657019.3904934,P4_ad_7000ms,rr,7000,128,10,7,8.793970108032227,,538,
1776657019.3904934,P4_ad_7000ms,rr,7000,128,11,15,18.844221115112305,,538,
1776657019.3904934,P4_ad_7000ms,rr,7000,128,12,0,0.0,,538,
1776657019.3904934,P4_ad_7000ms,rr,7000,128,13,1,1.2562813758850098,,538,
1776657029.8007467,P4_ad_7000ms,rr,7000,129,1,59,74.12060546875,,538,
1776657029.8007467,P4_ad_7000ms,rr,7000,129,2,8,10.050251007080078,,538,
1776657029.8007467,P4_ad_7000ms,rr,7000,129,3,9,11.306532859802246,,538,
1776657029.8007467,P4_ad_7000ms,rr,7000,129,4,8,10.050251007080078,,538,
1776657029.8007467,P4_ad_7000ms,rr,7000,129,5,12,15.075376510620117,,538,
1776657029.8007467,P4_ad_7000ms,rr,7000,129,6,208,261.3065185546875,,538,
1776657029.8007467,P4_ad_7000ms,rr,7000,129,7,4,5.025125503540039,,538,
1776657029.8007467,P4_ad_7000ms,rr,7000,129,8,0,0.0,,538,
1776657029.8007467,P4_ad_7000ms,rr,7000,129,9,9,11.306532859802246,,538,
1776657029.8007467,P4_ad_7000ms,rr,7000,129,10,10,12.562813758850098,,538,
1776657029.8007467,P4_ad_7000ms,rr,7000,129,11,31,38.944725036621094,,538,
1776657029.8007467,P4_ad_7000ms,rr,7000,129,12,0,0.0,,538,
1776657029.8007467,P4_ad_7000ms,rr,7000,129,13,0,0.0,,538,
1776657040.1980731,P4_ad_7000ms,rr,7000,130,1,47,59.04522705078125,,538,
1776657040.1980731,P4_ad_7000ms,rr,7000,130,2,2,2.5125627517700195,,538,
1776657040.1980731,P4_ad_7000ms,rr,7000,130,3,4,5.025125503540039,,538,
1776657040.1980731,P4_ad_7000ms,rr,7000,130,4,1,1.2562813758850098,,538,
1776657040.1980731,P4_ad_7000ms,rr,7000,130,5,6,7.537688255310059,,538,
1776657040.1980731,P4_ad_7000ms,rr,7000,130,6,229,287.6884460449219,,538,
1776657040.1980731,P4_ad_7000ms,rr,7000,130,7,6,7.537688255310059,,538,
1776657040.1980731,P4_ad_7000ms,rr,7000,130,8,7,8.793970108032227,,538,
1776657040.1980731,P4_ad_7000ms,rr,7000,130,9,4,5.025125503540039,,538,
1776657040.1980731,P4_ad_7000ms,rr,7000,130,10,9,11.306532859802246,,538,
1776657040.1980731,P4_ad_7000ms,rr,7000,130,11,38,47.73869323730469,,538,
1776657040.1980731,P4_ad_7000ms,rr,7000,130,12,1,1.2562813758850098,,538,
1776657040.1980731,P4_ad_7000ms,rr,7000,130,13,1,1.2562813758850098,,538,
1776657050.486276,P4_ad_7000ms,rr,7000,131,1,34,42.713565826416016,,538,
1776657050.486276,P4_ad_7000ms,rr,7000,131,2,2,2.5125627517700195,,538,
1776657050.486276,P4_ad_7000ms,rr,7000,131,3,3,3.7688441276550293,,538,
1776657050.486276,P4_ad_7000ms,rr,7000,131,4,0,0.0,,538,
1776657050.486276,P4_ad_7000ms,rr,7000,131,5,9,11.306532859802246,,538,
1776657050.486276,P4_ad_7000ms,rr,7000,131,6,235,295.22613525390625,,538,
1776657050.486276,P4_ad_7000ms,rr,7000,131,7,5,6.281406879425049,,538,
1776657050.486276,P4_ad_7000ms,rr,7000,131,8,1,1.2562813758850098,,538,
1776657050.486276,P4_ad_7000ms,rr,7000,131,9,4,5.025125503540039,,538,
1776657050.486276,P4_ad_7000ms,rr,7000,131,10,5,6.281406879425049,,538,
1776657050.486276,P4_ad_7000ms,rr,7000,131,11,24,30.150753021240234,,538,
1776657050.486276,P4_ad_7000ms,rr,7000,131,12,2,2.5125627517700195,,538,
1776657050.486276,P4_ad_7000ms,rr,7000,131,13,0,0.0,,538,
1776657060.8877707,P4_ad_7000ms,rr,7000,132,1,54,67.83919525146484,,538,
1776657060.8877707,P4_ad_7000ms,rr,7000,132,2,3,3.7688441276550293,,538,
1776657060.8877707,P4_ad_7000ms,rr,7000,132,3,8,10.050251007080078,,538,
1776657060.8877707,P4_ad_7000ms,rr,7000,132,4,2,2.5125627517700195,,538,
1776657060.8877707,P4_ad_7000ms,rr,7000,132,5,4,5.025125503540039,,538,
1776657060.8877707,P4_ad_7000ms,rr,7000,132,6,167,209.7989959716797,,538,
1776657060.8877707,P4_ad_7000ms,rr,7000,132,7,7,8.793970108032227,,538,
1776657060.8877707,P4_ad_7000ms,rr,7000,132,8,21,26.38191032409668,,538,
1776657060.8877707,P4_ad_7000ms,rr,7000,132,9,6,7.537688255310059,,538,
1776657060.8877707,P4_ad_7000ms,rr,7000,132,10,1,1.2562813758850098,,538,
1776657060.8877707,P4_ad_7000ms,rr,7000,132,11,37,46.4824104309082,,538,
1776657060.8877707,P4_ad_7000ms,rr,7000,132,12,4,5.025125503540039,,538,
1776657060.8877707,P4_ad_7000ms,rr,7000,132,13,0,0.0,,538,
1776657071.28986,P4_ad_7000ms,rr,7000,133,1,46,57.788944244384766,,538,
1776657071.28986,P4_ad_7000ms,rr,7000,133,2,13,16.33165740966797,,538,
1776657071.28986,P4_ad_7000ms,rr,7000,133,3,3,3.7688441276550293,,538,
1776657071.28986,P4_ad_7000ms,rr,7000,133,4,2,2.5125627517700195,,538,
1776657071.28986,P4_ad_7000ms,rr,7000,133,5,9,11.306532859802246,,538,
1776657071.28986,P4_ad_7000ms,rr,7000,133,6,283,355.52764892578125,,538,
1776657071.28986,P4_ad_7000ms,rr,7000,133,7,14,17.587940216064453,,538,
1776657071.28986,P4_ad_7000ms,rr,7000,133,8,5,6.281406879425049,,538,
1776657071.28986,P4_ad_7000ms,rr,7000,133,9,0,0.0,,538,
1776657071.28986,P4_ad_7000ms,rr,7000,133,10,0,0.0,,538,
1776657071.28986,P4_ad_7000ms,rr,7000,133,11,28,35.175880432128906,,538,
1776657071.28986,P4_ad_7000ms,rr,7000,133,12,0,0.0,,538,
1776657071.28986,P4_ad_7000ms,rr,7000,133,13,0,0.0,,538,
1776657081.6535356,P4_ad_7000ms,rr,7000,134,1,47,59.04522705078125,,538,
1776657081.6535356,P4_ad_7000ms,rr,7000,134,2,0,0.0,,538,
1776657081.6535356,P4_ad_7000ms,rr,7000,134,3,1,1.2562813758850098,,538,
1776657081.6535356,P4_ad_7000ms,rr,7000,134,4,6,7.537688255310059,,538,
1776657081.6535356,P4_ad_7000ms,rr,7000,134,5,4,5.025125503540039,,538,
1776657081.6535356,P4_ad_7000ms,rr,7000,134,6,189,237.4371795654297,,538,
1776657081.6535356,P4_ad_7000ms,rr,7000,134,7,9,11.306532859802246,,538,
1776657081.6535356,P4_ad_7000ms,rr,7000,134,8,0,0.0,,538,
1776657081.6535356,P4_ad_7000ms,rr,7000,134,9,0,0.0,,538,
1776657081.6535356,P4_ad_7000ms,rr,7000,134,10,4,5.025125503540039,,538,
1776657081.6535356,P4_ad_7000ms,rr,7000,134,11,44,55.27638244628906,,538,
1776657081.6535356,P4_ad_7000ms,rr,7000,134,12,2,2.5125627517700195,,538,
1776657081.6535356,P4_ad_7000ms,rr,7000,134,13,1,1.2562813758850098,,538,
1776657092.0273051,P4_ad_7000ms,rr,7000,135,1,27,33.91959762573242,,538,
1776657092.0273051,P4_ad_7000ms,rr,7000,135,2,0,0.0,,538,
1776657092.0273051,P4_ad_7000ms,rr,7000,135,3,0,0.0,,538,
1776657092.0273051,P4_ad_7000ms,rr,7000,135,4,3,3.7688441276550293,,538,
1776657092.0273051,P4_ad_7000ms,rr,7000,135,5,3,3.7688441276550293,,538,
1776657092.0273051,P4_ad_7000ms,rr,7000,135,6,265,332.9145812988281,,538,
1776657092.0273051,P4_ad_7000ms,rr,7000,135,7,8,10.050251007080078,,538,
1776657092.0273051,P4_ad_7000ms,rr,7000,135,8,12,15.075376510620117,,538,
1776657092.0273051,P4_ad_7000ms,rr,7000,135,9,7,8.793970108032227,,538,
1776657092.0273051,P4_ad_7000ms,rr,7000,135,10,6,7.537688255310059,,538,
1776657092.0273051,P4_ad_7000ms,rr,7000,135,11,56,70.35176086425781,,538,
1776657092.0273051,P4_ad_7000ms,rr,7000,135,12,1,1.2562813758850098,,538,
1776657092.0273051,P4_ad_7000ms,rr,7000,135,13,0,0.0,,538,
1776657102.3104184,P4_ad_7000ms,rr,7000,136,1,63,79.1457290649414,,538,
1776657102.3104184,P4_ad_7000ms,rr,7000,136,2,3,3.7688441276550293,,538,
1776657102.3104184,P4_ad_7000ms,rr,7000,136,3,0,0.0,,538,
1776657102.3104184,P4_ad_7000ms,rr,7000,136,4,0,0.0,,538,
1776657102.3104184,P4_ad_7000ms,rr,7000,136,5,2,2.5125627517700195,,538,
1776657102.3104184,P4_ad_7000ms,rr,7000,136,6,209,262.56280517578125,,538,
1776657102.3104184,P4_ad_7000ms,rr,7000,136,7,9,11.306532859802246,,538,
1776657102.3104184,P4_ad_7000ms,rr,7000,136,8,19,23.869346618652344,,538,
1776657102.3104184,P4_ad_7000ms,rr,7000,136,9,0,0.0,,538,
1776657102.3104184,P4_ad_7000ms,rr,7000,136,10,0,0.0,,538,
1776657102.3104184,P4_ad_7000ms,rr,7000,136,11,62,77.88945007324219,,538,
1776657102.3104184,P4_ad_7000ms,rr,7000,136,12,1,1.2562813758850098,,538,
1776657102.3104184,P4_ad_7000ms,rr,7000,136,13,0,0.0,,538,
1776657112.694114,P4_ad_7000ms,rr,7000,137,1,58,72.86431884765625,,538,
1776657112.694114,P4_ad_7000ms,rr,7000,137,2,12,15.075376510620117,,538,
1776657112.694114,P4_ad_7000ms,rr,7000,137,3,0,0.0,,538,
1776657112.694114,P4_ad_7000ms,rr,7000,137,4,1,1.2562813758850098,,538,
1776657112.694114,P4_ad_7000ms,rr,7000,137,5,7,8.793970108032227,,538,
1776657112.694114,P4_ad_7000ms,rr,7000,137,6,269,337.939697265625,,538,
1776657112.694114,P4_ad_7000ms,rr,7000,137,7,3,3.7688441276550293,,538,
1776657112.694114,P4_ad_7000ms,rr,7000,137,8,11,13.819095611572266,,538,
1776657112.694114,P4_ad_7000ms,rr,7000,137,9,1,1.2562813758850098,,538,
1776657112.694114,P4_ad_7000ms,rr,7000,137,10,0,0.0,,538,
1776657112.694114,P4_ad_7000ms,rr,7000,137,11,44,55.27638244628906,,538,
1776657112.694114,P4_ad_7000ms,rr,7000,137,12,2,2.5125627517700195,,538,
1776657112.694114,P4_ad_7000ms,rr,7000,137,13,0,0.0,,538,
1776657123.07105,P4_ad_7000ms,rr,7000,138,1,47,59.04522705078125,,538,
1776657123.07105,P4_ad_7000ms,rr,7000,138,2,1,1.2562813758850098,,538,
1776657123.07105,P4_ad_7000ms,rr,7000,138,3,1,1.2562813758850098,,538,
1776657123.07105,P4_ad_7000ms,rr,7000,138,4,10,12.562813758850098,,538,
1776657123.07105,P4_ad_7000ms,rr,7000,138,5,8,10.050251007080078,,538,
1776657123.07105,P4_ad_7000ms,rr,7000,138,6,233,292.71356201171875,,538,
1776657123.07105,P4_ad_7000ms,rr,7000,138,7,7,8.793970108032227,,538,
1776657123.07105,P4_ad_7000ms,rr,7000,138,8,5,6.281406879425049,,538,
1776657123.07105,P4_ad_7000ms,rr,7000,138,9,4,5.025125503540039,,538,
1776657123.07105,P4_ad_7000ms,rr,7000,138,10,8,10.050251007080078,,538,
1776657123.07105,P4_ad_7000ms,rr,7000,138,11,57,71.60803985595703,,538,
1776657123.07105,P4_ad_7000ms,rr,7000,138,12,0,0.0,,538,
1776657123.07105,P4_ad_7000ms,rr,7000,138,13,0,0.0,,538,
1776657133.460125,P4_ad_7000ms,rr,7000,139,1,37,46.4824104309082,,538,
1776657133.460125,P4_ad_7000ms,rr,7000,139,2,12,15.075376510620117,,538,
1776657133.460125,P4_ad_7000ms,rr,7000,139,3,0,0.0,,538,
1776657133.460125,P4_ad_7000ms,rr,7000,139,4,21,26.38191032409668,,538,
1776657133.460125,P4_ad_7000ms,rr,7000,139,5,10,12.562813758850098,,538,
1776657133.460125,P4_ad_7000ms,rr,7000,139,6,276,346.7336730957031,,538,
1776657133.460125,P4_ad_7000ms,rr,7000,139,7,4,5.025125503540039,,538,
1776657133.460125,P4_ad_7000ms,rr,7000,139,8,4,5.025125503540039,,538,
1776657133.460125,P4_ad_7000ms,rr,7000,139,9,0,0.0,,538,
1776657133.460125,P4_ad_7000ms,rr,7000,139,10,2,2.5125627517700195,,538,
1776657133.460125,P4_ad_7000ms,rr,7000,139,11,74,92.9648208618164,,538,
1776657133.460125,P4_ad_7000ms,rr,7000,139,12,2,2.5125627517700195,,538,
1776657133.460125,P4_ad_7000ms,rr,7000,139,13,0,0.0,,538,
1776657143.7443979,P4_ad_7000ms,rr,7000,140,1,40,50.25125503540039,,538,
1776657143.7443979,P4_ad_7000ms,rr,7000,140,2,5,6.281406879425049,,538,
1776657143.7443979,P4_ad_7000ms,rr,7000,140,3,1,1.2562813758850098,,538,
1776657143.7443979,P4_ad_7000ms,rr,7000,140,4,7,8.793970108032227,,538,
1776657143.7443979,P4_ad_7000ms,rr,7000,140,5,3,3.7688441276550293,,538,
1776657143.7443979,P4_ad_7000ms,rr,7000,140,6,246,309.04522705078125,,538,
1776657143.7443979,P4_ad_7000ms,rr,7000,140,7,9,11.306532859802246,,538,
1776657143.7443979,P4_ad_7000ms,rr,7000,140,8,5,6.281406879425049,,538,
1776657143.7443979,P4_ad_7000ms,rr,7000,140,9,2,2.5125627517700195,,538,
1776657143.7443979,P4_ad_7000ms,rr,7000,140,10,4,5.025125503540039,,538,
1776657143.7443979,P4_ad_7000ms,rr,7000,140,11,48,60.30150604248047,,538,
1776657143.7443979,P4_ad_7000ms,rr,7000,140,12,0,0.0,,538,
1776657143.7443979,P4_ad_7000ms,rr,7000,140,13,0,0.0,,538,
1776657154.1509528,P4_ad_7000ms,rr,7000,141,1,46,57.788944244384766,,538,
1776657154.1509528,P4_ad_7000ms,rr,7000,141,2,0,0.0,,538,
1776657154.1509528,P4_ad_7000ms,rr,7000,141,3,0,0.0,,538,
1776657154.1509528,P4_ad_7000ms,rr,7000,141,4,8,10.050251007080078,,538,
1776657154.1509528,P4_ad_7000ms,rr,7000,141,5,3,3.7688441276550293,,538,
1776657154.1509528,P4_ad_7000ms,rr,7000,141,6,178,223.6180877685547,,538,
1776657154.1509528,P4_ad_7000ms,rr,7000,141,7,3,3.7688441276550293,,538,
1776657154.1509528,P4_ad_7000ms,rr,7000,141,8,15,18.844221115112305,,538,
1776657154.1509528,P4_ad_7000ms,rr,7000,141,9,3,3.7688441276550293,,538,
1776657154.1509528,P4_ad_7000ms,rr,7000,141,10,7,8.793970108032227,,538,
1776657154.1509528,P4_ad_7000ms,rr,7000,141,11,50,62.81407165527344,,538,
1776657154.1509528,P4_ad_7000ms,rr,7000,141,12,0,0.0,,538,
1776657154.1509528,P4_ad_7000ms,rr,7000,141,13,0,0.0,,538,
1776657164.5549684,P4_ad_7000ms,rr,7000,142,1,47,59.04522705078125,,538,
1776657164.5549684,P4_ad_7000ms,rr,7000,142,2,9,11.306532859802246,,538,
1776657164.5549684,P4_ad_7000ms,rr,7000,142,3,4,5.025125503540039,,538,
1776657164.5549684,P4_ad_7000ms,rr,7000,142,4,5,6.281406879425049,,538,
1776657164.5549684,P4_ad_7000ms,rr,7000,142,5,7,8.793970108032227,,538,
1776657164.5549684,P4_ad_7000ms,rr,7000,142,6,175,219.8492431640625,,538,
1776657164.5549684,P4_ad_7000ms,rr,7000,142,7,12,15.075376510620117,,538,
1776657164.5549684,P4_ad_7000ms,rr,7000,142,8,12,15.075376510620117,,538,
1776657164.5549684,P4_ad_7000ms,rr,7000,142,9,6,7.537688255310059,,538,
1776657164.5549684,P4_ad_7000ms,rr,7000,142,10,5,6.281406879425049,,538,
1776657164.5549684,P4_ad_7000ms,rr,7000,142,11,54,67.83919525146484,,538,
1776657164.5549684,P4_ad_7000ms,rr,7000,142,12,0,0.0,,538,
1776657164.5549684,P4_ad_7000ms,rr,7000,142,13,1,1.2562813758850098,,538,
1776657174.8468273,P4_ad_7000ms,rr,7000,143,1,36,45.226131439208984,,538,
1776657174.8468273,P4_ad_7000ms,rr,7000,143,2,6,7.537688255310059,,538,
1776657174.8468273,P4_ad_7000ms,rr,7000,143,3,2,2.5125627517700195,,538,
1776657174.8468273,P4_ad_7000ms,rr,7000,143,4,3,3.7688441276550293,,538,
1776657174.8468273,P4_ad_7000ms,rr,7000,143,5,4,5.025125503540039,,538,
1776657174.8468273,P4_ad_7000ms,rr,7000,143,6,213,267.58795166015625,,538,
1776657174.8468273,P4_ad_7000ms,rr,7000,143,7,4,5.025125503540039,,538,
1776657174.8468273,P4_ad_7000ms,rr,7000,143,8,2,2.5125627517700195,,538,
1776657174.8468273,P4_ad_7000ms,rr,7000,143,9,8,10.050251007080078,,538,
1776657174.8468273,P4_ad_7000ms,rr,7000,143,10,4,5.025125503540039,,538,
1776657174.8468273,P4_ad_7000ms,rr,7000,143,11,53,66.58291625976562,,538,
1776657174.8468273,P4_ad_7000ms,rr,7000,143,12,24,30.150753021240234,,538,
1776657174.8468273,P4_ad_7000ms,rr,7000,143,13,0,0.0,,538,
1776657185.2479331,P4_ad_7000ms,rr,7000,144,1,41,51.507537841796875,,538,
1776657185.2479331,P4_ad_7000ms,rr,7000,144,2,10,12.562813758850098,,538,
1776657185.2479331,P4_ad_7000ms,rr,7000,144,3,0,0.0,,538,
1776657185.2479331,P4_ad_7000ms,rr,7000,144,4,2,2.5125627517700195,,538,
1776657185.2479331,P4_ad_7000ms,rr,7000,144,5,6,7.537688255310059,,538,
1776657185.2479331,P4_ad_7000ms,rr,7000,144,6,222,278.89447021484375,,538,
1776657185.2479331,P4_ad_7000ms,rr,7000,144,7,11,13.819095611572266,,538,
1776657185.2479331,P4_ad_7000ms,rr,7000,144,8,0,0.0,,538,
1776657185.2479331,P4_ad_7000ms,rr,7000,144,9,13,16.33165740966797,,538,
1776657185.2479331,P4_ad_7000ms,rr,7000,144,10,1,1.2562813758850098,,538,
1776657185.2479331,P4_ad_7000ms,rr,7000,144,11,82,103.01507568359375,,538,
1776657185.2479331,P4_ad_7000ms,rr,7000,144,12,3,3.7688441276550293,,538,
1776657185.2479331,P4_ad_7000ms,rr,7000,144,13,1,1.2562813758850098,,538,
1776657195.5319762,P4_ad_7000ms,rr,7000,145,1,45,56.53266143798828,,538,
1776657195.5319762,P4_ad_7000ms,rr,7000,145,2,7,8.793970108032227,,538,
1776657195.5319762,P4_ad_7000ms,rr,7000,145,3,0,0.0,,538,
1776657195.5319762,P4_ad_7000ms,rr,7000,145,4,1,1.2562813758850098,,538,
1776657195.5319762,P4_ad_7000ms,rr,7000,145,5,2,2.5125627517700195,,538,
1776657195.5319762,P4_ad_7000ms,rr,7000,145,6,239,300.2512512207031,,538,
1776657195.5319762,P4_ad_7000ms,rr,7000,145,7,6,7.537688255310059,,538,
1776657195.5319762,P4_ad_7000ms,rr,7000,145,8,5,6.281406879425049,,538,
1776657195.5319762,P4_ad_7000ms,rr,7000,145,9,14,17.587940216064453,,538,
1776657195.5319762,P4_ad_7000ms,rr,7000,145,10,2,2.5125627517700195,,538,
1776657195.5319762,P4_ad_7000ms,rr,7000,145,11,66,82.9145736694336,,538,
1776657195.5319762,P4_ad_7000ms,rr,7000,145,12,3,3.7688441276550293,,538,
1776657195.5319762,P4_ad_7000ms,rr,7000,145,13,1,1.2562813758850098,,538,
1776657205.8893785,P4_ad_7000ms,rr,7000,146,1,70,87.939697265625,,538,
1776657205.8893785,P4_ad_7000ms,rr,7000,146,2,9,11.306532859802246,,538,
1776657205.8893785,P4_ad_7000ms,rr,7000,146,3,4,5.025125503540039,,538,
1776657205.8893785,P4_ad_7000ms,rr,7000,146,4,4,5.025125503540039,,538,
1776657205.8893785,P4_ad_7000ms,rr,7000,146,5,1,1.2562813758850098,,538,
1776657205.8893785,P4_ad_7000ms,rr,7000,146,6,216,271.3567810058594,,538,
1776657205.8893785,P4_ad_7000ms,rr,7000,146,7,1,1.2562813758850098,,538,
1776657205.8893785,P4_ad_7000ms,rr,7000,146,8,0,0.0,,538,
1776657205.8893785,P4_ad_7000ms,rr,7000,146,9,2,2.5125627517700195,,538,
1776657205.8893785,P4_ad_7000ms,rr,7000,146,10,10,12.562813758850098,,538,
1776657205.8893785,P4_ad_7000ms,rr,7000,146,11,47,59.04522705078125,,538,
1776657205.8893785,P4_ad_7000ms,rr,7000,146,12,4,5.025125503540039,,538,
1776657205.8893785,P4_ad_7000ms,rr,7000,146,13,0,0.0,,538,
1776657216.2509842,P4_ad_7000ms,rr,7000,147,1,41,51.507537841796875,,538,
1776657216.2509842,P4_ad_7000ms,rr,7000,147,2,7,8.793970108032227,,538,
1776657216.2509842,P4_ad_7000ms,rr,7000,147,3,2,2.5125627517700195,,538,
1776657216.2509842,P4_ad_7000ms,rr,7000,147,4,1,1.2562813758850098,,538,
1776657216.2509842,P4_ad_7000ms,rr,7000,147,5,0,0.0,,538,
1776657216.2509842,P4_ad_7000ms,rr,7000,147,6,236,296.482421875,,538,
1776657216.2509842,P4_ad_7000ms,rr,7000,147,7,2,2.5125627517700195,,538,
1776657216.2509842,P4_ad_7000ms,rr,7000,147,8,0,0.0,,538,
1776657216.2509842,P4_ad_7000ms,rr,7000,147,9,1,1.2562813758850098,,538,
1776657216.2509842,P4_ad_7000ms,rr,7000,147,10,3,3.7688441276550293,,538,
1776657216.2509842,P4_ad_7000ms,rr,7000,147,11,50,62.81407165527344,,538,
1776657216.2509842,P4_ad_7000ms,rr,7000,147,12,1,1.2562813758850098,,538,
1776657216.2509842,P4_ad_7000ms,rr,7000,147,13,0,0.0,,538,
1776657226.6403506,P4_ad_7000ms,rr,7000,148,1,42,52.76382064819336,,538,
1776657226.6403506,P4_ad_7000ms,rr,7000,148,2,4,5.025125503540039,,538,
1776657226.6403506,P4_ad_7000ms,rr,7000,148,3,8,10.050251007080078,,538,
1776657226.6403506,P4_ad_7000ms,rr,7000,148,4,3,3.7688441276550293,,538,
1776657226.6403506,P4_ad_7000ms,rr,7000,148,5,0,0.0,,538,
1776657226.6403506,P4_ad_7000ms,rr,7000,148,6,209,262.56280517578125,,538,
1776657226.6403506,P4_ad_7000ms,rr,7000,148,7,1,1.2562813758850098,,538,
1776657226.6403506,P4_ad_7000ms,rr,7000,148,8,5,6.281406879425049,,538,
1776657226.6403506,P4_ad_7000ms,rr,7000,148,9,2,2.5125627517700195,,538,
1776657226.6403506,P4_ad_7000ms,rr,7000,148,10,0,0.0,,538,
1776657226.6403506,P4_ad_7000ms,rr,7000,148,11,36,45.226131439208984,,538,
1776657226.6403506,P4_ad_7000ms,rr,7000,148,12,0,0.0,,538,
1776657226.6403506,P4_ad_7000ms,rr,7000,148,13,0,0.0,,538,
1776657237.062406,P4_ad_7000ms,rr,7000,149,1,70,87.939697265625,,538,
1776657237.062406,P4_ad_7000ms,rr,7000,149,2,7,8.793970108032227,,538,
1776657237.062406,P4_ad_7000ms,rr,7000,149,3,2,2.5125627517700195,,538,
1776657237.062406,P4_ad_7000ms,rr,7000,149,4,0,0.0,,538,
1776657237.062406,P4_ad_7000ms,rr,7000,149,5,3,3.7688441276550293,,538,
1776657237.062406,P4_ad_7000ms,rr,7000,149,6,319,400.7537536621094,,538,
1776657237.062406,P4_ad_7000ms,rr,7000,149,7,1,1.2562813758850098,,538,
1776657237.062406,P4_ad_7000ms,rr,7000,149,8,6,7.537688255310059,,538,
1776657237.062406,P4_ad_7000ms,rr,7000,149,9,1,1.2562813758850098,,538,
1776657237.062406,P4_ad_7000ms,rr,7000,149,10,8,10.050251007080078,,538,
1776657237.062406,P4_ad_7000ms,rr,7000,149,11,67,84.17085266113281,,538,
1776657237.062406,P4_ad_7000ms,rr,7000,149,12,3,3.7688441276550293,,538,
1776657237.062406,P4_ad_7000ms,rr,7000,149,13,0,0.0,,538,
1776657247.4373696,P4_ad_7000ms,rr,7000,150,1,109,136.93467712402344,,538,
1776657247.4373696,P4_ad_7000ms,rr,7000,150,2,3,3.7688441276550293,,538,
1776657247.4373696,P4_ad_7000ms,rr,7000,150,3,6,7.537688255310059,,538,
1776657247.4373696,P4_ad_7000ms,rr,7000,150,4,10,12.562813758850098,,538,
1776657247.4373696,P4_ad_7000ms,rr,7000,150,5,0,0.0,,538,
1776657247.4373696,P4_ad_7000ms,rr,7000,150,6,214,268.8442077636719,,538,
1776657247.4373696,P4_ad_7000ms,rr,7000,150,7,4,5.025125503540039,,538,
1776657247.4373696,P4_ad_7000ms,rr,7000,150,8,1,1.2562813758850098,,538,
1776657247.4373696,P4_ad_7000ms,rr,7000,150,9,7,8.793970108032227,,538,
1776657247.4373696,P4_ad_7000ms,rr,7000,150,10,3,3.7688441276550293,,538,
1776657247.4373696,P4_ad_7000ms,rr,7000,150,11,63,79.1457290649414,,538,
1776657247.4373696,P4_ad_7000ms,rr,7000,150,12,2,2.5125627517700195,,538,
1776657247.4373696,P4_ad_7000ms,rr,7000,150,13,0,0.0,,538,
1776657257.7933273,P4_ad_7000ms,rr,7000,151,1,42,52.76382064819336,,538,
1776657257.7933273,P4_ad_7000ms,rr,7000,151,2,4,5.025125503540039,,538,
1776657257.7933273,P4_ad_7000ms,rr,7000,151,3,4,5.025125503540039,,538,
1776657257.7933273,P4_ad_7000ms,rr,7000,151,4,3,3.7688441276550293,,538,
1776657257.7933273,P4_ad_7000ms,rr,7000,151,5,5,6.281406879425049,,538,
1776657257.7933273,P4_ad_7000ms,rr,7000,151,6,218,273.8693542480469,,538,
1776657257.7933273,P4_ad_7000ms,rr,7000,151,7,11,13.819095611572266,,538,
1776657257.7933273,P4_ad_7000ms,rr,7000,151,8,9,11.306532859802246,,538,
1776657257.7933273,P4_ad_7000ms,rr,7000,151,9,3,3.7688441276550293,,538,
1776657257.7933273,P4_ad_7000ms,rr,7000,151,10,3,3.7688441276550293,,538,
1776657257.7933273,P4_ad_7000ms,rr,7000,151,11,165,207.28643798828125,,538,
1776657257.7933273,P4_ad_7000ms,rr,7000,151,12,3,3.7688441276550293,,538,
1776657257.7933273,P4_ad_7000ms,rr,7000,151,13,1,1.2562813758850098,,538,
1776657268.0584273,P4_ad_7000ms,rr,7000,152,1,51,64.07035064697266,,538,
1776657268.0584273,P4_ad_7000ms,rr,7000,152,2,9,11.306532859802246,,538,
1776657268.0584273,P4_ad_7000ms,rr,7000,152,3,2,2.5125627517700195,,538,
1776657268.0584273,P4_ad_7000ms,rr,7000,152,4,2,2.5125627517700195,,538,
1776657268.0584273,P4_ad_7000ms,rr,7000,152,5,1,1.2562813758850098,,538,
1776657268.0584273,P4_ad_7000ms,rr,7000,152,6,163,204.77386474609375,,538,
1776657268.0584273,P4_ad_7000ms,rr,7000,152,7,8,10.050251007080078,,538,
1776657268.0584273,P4_ad_7000ms,rr,7000,152,8,8,10.050251007080078,,538,
1776657268.0584273,P4_ad_7000ms,rr,7000,152,9,10,12.562813758850098,,538,
1776657268.0584273,P4_ad_7000ms,rr,7000,152,10,4,5.025125503540039,,538,
1776657268.0584273,P4_ad_7000ms,rr,7000,152,11,56,70.35176086425781,,538,
1776657268.0584273,P4_ad_7000ms,rr,7000,152,12,5,6.281406879425049,,538,
1776657268.0584273,P4_ad_7000ms,rr,7000,152,13,0,0.0,,538,
